#pragma once
#include <stdint.h>

// Generated from web/index.html by scripts/generate_camera_index.py.
#define index_ov2640_html_gz_len 5525
#define index_ov3660_html_gz_len 5525
#define index_ov5640_html_gz_len 5525

const uint8_t index_ov2640_html_gz[] = {
 0x1F, 0x8B, 0x08, 0x00, 0x00, 0x00, 0x00, 0x00, 0x02, 0x03, 0xAD, 0x3C, 0x7B, 0x93, 0xDB, 0x44,
 0x9E, 0xFF, 0xE7, 0x53, 0x08, 0x0F, 0x20, 0x1B, 0xFC, 0x90, 0x65, 0x7B, 0xE2, 0xB1, 0xC7, 0xCE,
 0x91, 0x10, 0x58, 0x60, 0x03, 0xA9, 0x9B, 0xEC, 0xB1, 0x57, 0xA9, 0xD4, 0xD0, 0x96, 0x5A, 0xB6,
 0x32, 0xB2, 0xA4, 0x95, 0xE4, 0x79, 0xE0, 0xB8, 0x2A, 0x09, 0x0B, 0x79, 0x40, 0x08, 0x77, 0x84,
 0x00, 0x0B, 0x01, 0xC2, 0x86, 0x25, 0xDC, 0x6D, 0x1E, 0xCB, 0x66, 0x43, 0x9E, 0xA4, 0xEA, 0xBE,
 0xCA, 0x8E, 0xEC, 0xC9, 0x5F, 0xFB, 0x15, 0xEE, 0xD7, 0xDD, 0x92, 0x2C, 0xCB, 0xF2, 0xC4, 0x33,
 0x99, 0x02, 0x66, 0xA4, 0xEE, 0xFE, 0xBD, 0x9F, 0xDD, 0xAD, 0x61, 0xFE, 0x19, 0xD9, 0x90, 0x9C,
 0x35, 0x13, 0x73, 0x2D, 0xA7, 0xAD, 0xD5, 0x77, 0xCD, 0x93, 0x5F, 0x9C, 0x86, 0xF4, 0x66, 0x2D,
 0xF1, 0x6E, 0x2B, 0xB3, 0xEF, 0xCD, 0x04, 0x19, 0xC3, 0x48, 0xAE, 0xEF, 0xE2, 0xB8, 0xF9, 0x36,
 0x76, 0x10, 0x27, 0xB5, 0x90, 0x65, 0x63, 0xA7, 0x96, 0xE8, 0x38, 0x4A, 0xA6, 0x9C, 0x18, 0x4E,
 0xE8, 0xA8, 0x8D, 0x6B, 0x89, 0x65, 0x15, 0xAF, 0x98, 0x86, 0xE5, 0x24, 0x38, 0xC9, 0xD0, 0x1D,
 0xAC, 0xC3, 0xC2, 0x15, 0x55, 0x76, 0x5A, 0x35, 0x19, 0x2F, 0xAB, 0x12, 0xCE, 0xD0, 0x97, 0xB4,
 0xAA, 0xAB, 0x8E, 0x8A, 0xB4, 0x8C, 0x2D, 0x21, 0x0D, 0xD7, 0xF2, 0x0C, 0x8B, 0xA3, 0x3A, 0x1A,
 0xAE, 0xEF, 0x5F, 0x38, 0x58, 0x10, 0x33, 0x0B, 0x05, 0xAE, 0xFF, 0x5F, 0x7F, 0x74, 0xDF, 0x3B,
 0xEF, 0x5E, 0xB9, 0xD5, 0xFF, 0xF8, 0x47, 0xF7, 0xF4, 0x6D, 0xF7, 0xFC, 0xCD, 0xF9, 0x1C, 0x5B,
 0x42, 0x16, 0xDB, 0xCE, 0x1A, 0x7B, 0xE2, 0xB8, 0x8A, 0x65, 0x18, 0x4E, 0x57, 0x32, 0x34, 0xC3,
 0x02, 0x84, 0x2D, 0xDC, 0xC6, 0x15, 0x19, 0x59, 0x4B, 0xD5, 0x4C, 0xA6, 0xD1, 0xAC, 0xCC, 0xE4,
 0xF3, 0xF9, 0x62, 0xBE, 0x00, 0x2F, 0x26, 0xD2, 0xB1, 0x56, 0x99, 0x11, 0x05, 0xB1, 0x24, 0x06,
 0xEF, 0x22, 0x2C, 0xD8, 0x9D, 0x6F, 0xE4, 0x11, 0x0C, 0x68, 0xAA, 0x8E, 0x2B, 0x33, 0x85, 0x62,
 0xA1, 0x51, 0x28, 0xC3, 0xAB, 0x83, 0x57, 0x9D, 0xCA, 0x0C, 0xDE, 0x8D, 0x31, 0x6E, 0xC0, 0x6B,
 0xBB, 0xE3, 0x60, 0xB9, 0x32, 0x33, 0x57, 0x40, 0xF9, 0x39, 0x09, 0xDE, 0x91, 0x24, 0x81, 0x74,
 0x95, 0x99, 0xD9, 0x22, 0x9E, 0x95, 0x05, 0x42, 0x4C, 0xEB, 0x00, 0xF8, 0x6C, 0x19, 0xED, 0x56,
 0x14, 0x78, 0x5D, 0x41, 0x96, 0x5E, 0x99, 0x51, 0x4A, 0x52, 0xA1, 0x44, 0xC0, 0x1B, 0x08, 0x80,
 0x15, 0x65, 0x56, 0x99, 0xCB, 0xF7, 0x5E, 0xE8, 0x36, 0x8C, 0xD5, 0x8C, 0xAD, 0xBE, 0xAB, 0xEA,
 0xCD, 0x4A, 0xC3, 0xB0, 0x64, 0x6C, 0x65, 0x60, 0xA4, 0xD7, 0x30, 0xE4, 0xB5, 0x6E, 0x1B, 0x59,
 0x4D, 0x55, 0xAF, 0x08, 0xD5, 0x06, 0x92, 0x96, 0x9A, 0x96, 0xD1, 0xD1, 0xE5, 0x8A, 0x85, 0x64,
 0xA2, 0xAD, 0x26, 0xF9, 0x0D, 0x44, 0x93, 0x92, 0x6A, 0x49, 0x1A, 0xE6, 0x90, 0xC3, 0x95, 0x84,
 0xE7, 0xB8, 0x8C, 0x28, 0x3C, 0x97, 0x9E, 0x11, 0xCB, 0x05, 0x41, 0xC4, 0x9C, 0x90, 0xF6, 0x24,
 0xE6, 0x8A, 0x22, 0x8C, 0x0A, 0x0D, 0x41, 0x16, 0x24, 0x2E, 0x2F, 0x08, 0xCF, 0xA5, 0xAA, 0x54,
 0x45, 0x95, 0x65, 0x64, 0x25, 0x99, 0x74, 0xA9, 0xAA, 0x02, 0x36, 0xAA, 0xE4, 0xC5, 0x6C, 0xC9,
 0x5C, 0xCD, 0xE5, 0xB3, 0x05, 0x2E, 0x71, 0xC8, 0xC2, 0x8D, 0x0E, 0xE8, 0xD0, 0xE1, 0x0E, 0x2C,
 0x24, 0xD2, 0x89, 0x03, 0xAA, 0x64, 0x19, 0xB6, 0xA1, 0x38, 0xDC, 0x7F, 0xA2, 0xDF, 0x60, 0x35,
 0x91, 0xB6, 0x91, 0x6E, 0x67, 0x6C, 0x6C, 0xA9, 0x4A, 0x55, 0xC3, 0x8E, 0x03, 0x8C, 0xDB, 0x26,
 0x92, 0x88, 0x1C, 0x42, 0xAF, 0xD1, 0x71, 0x1C, 0x43, 0x07, 0xDB, 0x9A, 0x1D, 0x27, 0x6D, 0x63,
 0x0D, 0x4B, 0x4E, 0x97, 0x12, 0x50, 0xF5, 0x16, 0x40, 0x38, 0xDE, 0x82, 0x2E, 0x93, 0xB8, 0x92,
 0x37, 0x57, 0x39, 0xDB, 0xD0, 0x54, 0x99, 0x63, 0x1C, 0x11, 0xF5, 0xA7, 0xC2, 0x52, 0xCF, 0x88,
 0x45, 0xB1, 0x21, 0xCE, 0xC5, 0xB0, 0xED, 0xE9, 0x8C, 0xA8, 0xA3, 0x63, 0x57, 0xCA, 0xE6, 0x6A,
 0xD5, 0x44, 0xB2, 0x4C, 0xB8, 0x98, 0x05, 0xA4, 0x79, 0x01, 0x06, 0xA4, 0x8E, 0x65, 0x03, 0x94,
 0x69, 0xA8, 0xE0, 0x85, 0x96, 0x47, 0xBA, 0xD2, 0x32, 0x96, 0xB1, 0xE5, 0x31, 0x90, 0x09, 0xE3,
 0x65, 0xD6, 0x4C, 0x79, 0xEB, 0xB2, 0xA6, 0xA5, 0x82, 0x1D, 0xD6, 0xBA, 0x61, 0x6E, 0xF2, 0x72,
 0x51, 0x29, 0x95, 0xAA, 0x23, 0xC0, 0x33, 0xC5, 0x82, 0x34, 0x27, 0xF9, 0xA2, 0x67, 0x89, 0xCD,
 0xBB, 0x61, 0xB4, 0x64, 0x20, 0x15, 0x01, 0x29, 0xA3, 0xD9, 0x86, 0xD8, 0xF0, 0x41, 0xC0, 0x2F,
 0x46, 0x20, 0xE0, 0x7D, 0x0C, 0x40, 0x2E, 0x0A, 0xA5, 0x52, 0x2F, 0x8B, 0x4C, 0xB3, 0xDB, 0x56,
 0xF5, 0x4C, 0x0B, 0xAB, 0xCD, 0x16, 0x98, 0x4D, 0x10, 0x96, 0x5B, 0x81, 0xE0, 0x79, 0x11, 0x84,
 0x96, 0x55, 0xDB, 0xD4, 0xD0, 0x5A, 0xA5, 0x69, 0xA9, 0x72, 0x95, 0xFC, 0x00, 0x7D, 0xB5, 0x61,
 0xC4, 0xC1, 0x04, 0x57, 0xA7, 0xAD, 0xDB, 0x15, 0x40, 0xD0, 0x46, 0xAB, 0x49, 0xB1, 0x08, 0x4A,
 0x4A, 0x17, 0xCA, 0xF0, 0x33, 0xC5, 0x79, 0x63, 0x45, 0x81, 0x8C, 0xE5, 0x15, 0x2B, 0x18, 0x09,
 0xAF, 0xAA, 0x36, 0x91, 0x59, 0xC9, 0x83, 0xA3, 0xF4, 0x48, 0x3E, 0x00, 0x2D, 0x52, 0xFC, 0x0C,
 0x6D, 0x25, 0x9F, 0x2B, 0x56, 0x89, 0x69, 0x32, 0x48, 0x53, 0x9B, 0x7A, 0x85, 0xE8, 0x12, 0x5B,
 0xD5, 0x18, 0x05, 0x53, 0x8F, 0x23, 0xAE, 0x8F, 0x2B, 0x22, 0x31, 0x13, 0x7D, 0x5D, 0x61, 0x02,
 0x95, 0x05, 0x21, 0xEA, 0x54, 0x59, 0xA1, 0x88, 0xDB, 0xBD, 0xAC, 0xED, 0x80, 0x1D, 0xBA, 0xBE,
 0x74, 0x8A, 0x86, 0x01, 0x10, 0x7E, 0x64, 0x64, 0xD5, 0x02, 0x27, 0x53, 0xC1, 0xB0, 0x8C, 0x0F,
 0xCA, 0x23, 0xB8, 0x43, 0x2F, 0x4B, 0x83, 0x3B, 0x6C, 0x3E, 0xE2, 0x5D, 0xC8, 0x1A, 0x86, 0x50,
 0xBE, 0x2C, 0xC8, 0xB8, 0x99, 0xB6, 0x9A, 0x0D, 0x94, 0x14, 0x4B, 0xA5, 0xB4, 0xFF, 0x5F, 0x16,
 0x54, 0x9D, 0x8A, 0x1B, 0x16, 0x4B, 0x29, 0xDF, 0x30, 0x93, 0x5C, 0x77, 0xA2, 0x57, 0x52, 0x8F,
 0xA4, 0x31, 0xDF, 0x42, 0xB2, 0xB1, 0x52, 0x11, 0xA8, 0x8F, 0x72, 0x22, 0x68, 0x93, 0xA3, 0xA4,
 0x84, 0x34, 0xF9, 0x27, 0x2B, 0xA6, 0x3C, 0xCE, 0xB9, 0x96, 0x18, 0x24, 0x02, 0x4E, 0xF0, 0x3C,
 0x7A, 0x53, 0x6D, 0xE6, 0x0B, 0x44, 0x6C, 0xCB, 0x58, 0xE9, 0x4E, 0xE1, 0x04, 0x79, 0x62, 0x69,
 0x0E, 0x2C, 0xCD, 0xA1, 0x8E, 0x63, 0xF8, 0x5A, 0xAB, 0x52, 0xE3, 0x65, 0x54, 0x58, 0x6E, 0xFB,
 0x26, 0xF4, 0x98, 0x20, 0x61, 0x25, 0x50, 0xF4, 0x59, 0x67, 0xC5, 0xE8, 0x3E, 0x01, 0x6B, 0x2F,
 0x4B, 0x93, 0xE5, 0x88, 0x5F, 0xD3, 0x11, 0x10, 0x6F, 0x19, 0x41, 0x9A, 0xA4, 0x6E, 0x4C, 0x2B,
 0x41, 0xA5, 0x40, 0x44, 0x0B, 0xB9, 0x8E, 0x45, 0x5C, 0xC1, 0x93, 0x75, 0x46, 0x29, 0x2A, 0x0D,
 0xA5, 0xDC, 0x63, 0xB9, 0x84, 0x25, 0x96, 0xC3, 0xA4, 0x5A, 0xD5, 0x4C, 0x64, 0xDB, 0x2B, 0xA0,
 0xEE, 0x23, 0xE1, 0x41, 0x82, 0xE5, 0x48, 0x97, 0xA1, 0x25, 0x09, 0x6F, 0xDC, 0x5A, 0x33, 0xC5,
 0xD9, 0x92, 0x50, 0x94, 0x47, 0x93, 0x0C, 0x2A, 0xE4, 0x45, 0x65, 0xCB, 0x49, 0x86, 0xBC, 0x1B,
 0x1D, 0x87, 0xD6, 0x0C, 0xDD, 0xD0, 0x71, 0x2F, 0xC4, 0x88, 0x05, 0xF5, 0x13, 0x8F, 0x70, 0xC2,
 0xEC, 0x15, 0x9B, 0x71, 0x42, 0x70, 0x8A, 0xAA, 0x8D, 0x82, 0xC5, 0x29, 0xD0, 0x5E, 0x51, 0x1D,
 0xA9, 0xD5, 0x3D, 0xDA, 0xB1, 0x1D, 0x55, 0x59, 0x83, 0x5C, 0xAC, 0x29, 0x15, 0xAC, 0xCB, 0x55,
 0xD3, 0xB0, 0x55, 0x1A, 0x0A, 0x16, 0x06, 0xAB, 0xA8, 0xCB, 0xB8, 0xCA, 0x10, 0x15, 0x81, 0xDB,
 0xAA, 0x97, 0x32, 0xC4, 0x22, 0x71, 0x12, 0x86, 0x81, 0xA3, 0x84, 0x03, 0x6F, 0xA1, 0x32, 0xF8,
 0x53, 0x10, 0x7E, 0x7A, 0x37, 0x40, 0x88, 0x1A, 0xA0, 0x3D, 0xA0, 0x5E, 0x55, 0x75, 0x28, 0xFC,
 0xA3, 0x95, 0x69, 0xA6, 0xD8, 0x28, 0x95, 0x4A, 0x62, 0x44, 0x59, 0x73, 0x73, 0x21, 0x3A, 0x04,
 0x59, 0xA5, 0x81, 0x15, 0xC3, 0xC2, 0x5D, 0xAF, 0x27, 0xA8, 0x24, 0x12, 0xD5, 0x71, 0xF4, 0x9E,
 0xE0, 0xE5, 0x21, 0xBF, 0xF4, 0x59, 0xC3, 0x8A, 0x53, 0x29, 0x10, 0x2F, 0x31, 0x4C, 0xFA, 0x7B,
 0x94, 0x56, 0x89, 0x18, 0x3A, 0xC4, 0x90, 0x2C, 0x41, 0xC9, 0x2E, 0x54, 0x1D, 0x30, 0x82, 0x47,
 0x20, 0x9B, 0x2F, 0xD9, 0xA3, 0x52, 0x57, 0xA0, 0xC2, 0x49, 0x4B, 0x58, 0x7E, 0x91, 0x0A, 0x3A,
 0x22, 0x4E, 0xA9, 0x21, 0x23, 0xBC, 0xC9, 0x6A, 0x5F, 0x12, 0x8A, 0x1F, 0x9E, 0xDA, 0x15, 0xFA,
 0x44, 0x02, 0xE1, 0xF7, 0x49, 0x11, 0x92, 0x30, 0xF1, 0x71, 0xE8, 0x81, 0x20, 0x41, 0x4E, 0x99,
 0xAF, 0x48, 0xE6, 0x26, 0x30, 0x32, 0x36, 0xDE, 0xB6, 0x90, 0xD9, 0x1D, 0x37, 0x64, 0x98, 0x41,
 0xA1, 0x24, 0xEC, 0x16, 0x66, 0x63, 0x5C, 0xBB, 0x20, 0x14, 0xE6, 0x0A, 0xB3, 0x31, 0x5E, 0x4B,
 0x4A, 0x9E, 0xA2, 0x41, 0xD6, 0x69, 0xA9, 0xB2, 0x8C, 0xF5, 0x6A, 0xA8, 0x84, 0x14, 0x48, 0xC4,
 0x56, 0x91, 0x6D, 0x02, 0x57, 0x00, 0x02, 0x54, 0x2B, 0xC5, 0x5C, 0x01, 0x82, 0x7E, 0xD5, 0x8B,
 0xCE, 0x39, 0x92, 0xFA, 0xAB, 0x21, 0x8F, 0x0C, 0x92, 0x12, 0x4D, 0x1C, 0xBD, 0x19, 0xDB, 0xB1,
 0x30, 0x6A, 0x87, 0x7D, 0x76, 0x58, 0x9D, 0x9E, 0xAB, 0x1A, 0x8D, 0xA3, 0x04, 0xB3, 0xA2, 0x82,
 0x0E, 0xC1, 0xF2, 0x48, 0xD5, 0x83, 0x12, 0xD5, 0xD0, 0x0C, 0x69, 0xA9, 0x47, 0xCA, 0x5F, 0x13,
 0xC7, 0xB8, 0x9A, 0xC5, 0x90, 0x14, 0x3D, 0xB3, 0xD3, 0x87, 0x70, 0x43, 0x44, 0x92, 0x66, 0xBE,
 0x9C, 0x16, 0x8B, 0x69, 0x51, 0x4C, 0x67, 0x77, 0x97, 0x53, 0x71, 0x1A, 0x91, 0x8A, 0xE5, 0x62,
 0x71, 0x93, 0x38, 0x2E, 0x93, 0x74, 0x25, 0xC6, 0xE5, 0x9F, 0x48, 0x59, 0xF2, 0xF8, 0xE4, 0xEC,
 0x36, 0xD2, 0xB4, 0xEE, 0x88, 0x08, 0x7E, 0xAA, 0x92, 0x77, 0xE3, 0xA2, 0xAC, 0x8C, 0x00, 0xEE,
 0x66, 0x80, 0x11, 0x47, 0x88, 0x49, 0xB2, 0x7E, 0xFE, 0x0D, 0x09, 0xC8, 0x62, 0x9E, 0xB5, 0xA8,
 0x4F, 0x55, 0x76, 0x28, 0x07, 0x5C, 0xB6, 0x49, 0x2A, 0x03, 0xA1, 0x5F, 0xC9, 0xF7, 0xB2, 0x12,
 0xB2, 0x64, 0x7B, 0x9A, 0x3A, 0x61, 0x61, 0x13, 0x23, 0x27, 0x59, 0xA0, 0x4D, 0x01, 0x73, 0x56,
 0x8A, 0x92, 0x20, 0xE8, 0xEE, 0x38, 0xB7, 0xC4, 0x12, 0xE1, 0xFE, 0x46, 0x0C, 0x68, 0x71, 0xAD,
 0x42, 0xB8, 0x1C, 0x96, 0xFD, 0xC6, 0x81, 0x55, 0x3E, 0x31, 0x52, 0x1C, 0xFD, 0x4C, 0xD9, 0x50,
 0x9B, 0xDD, 0x50, 0xBB, 0x21, 0x46, 0xDA, 0x8D, 0x39, 0x62, 0x1E, 0xD8, 0xB9, 0x40, 0xA4, 0x7A,
 0x14, 0x23, 0x36, 0x98, 0x11, 0x1B, 0x85, 0x42, 0x41, 0x88, 0xC9, 0x6D, 0xE3, 0x31, 0xC5, 0x98,
 0xDB, 0xCD, 0xCA, 0x24, 0x45, 0xCA, 0x92, 0xE8, 0xA8, 0xAF, 0x84, 0x63, 0x63, 0x93, 0xDE, 0x64,
 0x8E, 0xB6, 0x26, 0x23, 0x65, 0x22, 0x3D, 0x53, 0x2E, 0x28, 0x42, 0x43, 0x4A, 0x79, 0xC1, 0xE8,
 0x53, 0xA1, 0x2D, 0x27, 0x17, 0x4D, 0x63, 0x9B, 0x21, 0xA4, 0x2D, 0x69, 0x1A, 0xB6, 0x22, 0x65,
 0xA9, 0x84, 0x40, 0x4B, 0x88, 0x26, 0xA4, 0x6D, 0xBA, 0x03, 0xED, 0xB5, 0x98, 0x0E, 0xA2, 0x95,
 0xC4, 0x41, 0x4E, 0xC7, 0xEE, 0x4E, 0x6C, 0x5A, 0xC2, 0x31, 0xE2, 0x18, 0xC8, 0x76, 0x86, 0x49,
 0x40, 0x51, 0x57, 0xB1, 0xCC, 0xD2, 0x3E, 0x4D, 0xEE, 0x06, 0x34, 0xCA, 0x6D, 0x66, 0xBF, 0xD8,
 0xAC, 0x9B, 0x29, 0x91, 0xCD, 0xCD, 0x68, 0xAB, 0x0E, 0x7B, 0x3C, 0x71, 0x92, 0x23, 0xFA, 0x7C,
 0x6C, 0x1E, 0x38, 0x1C, 0xCD, 0x39, 0x06, 0x69, 0x44, 0x9D, 0x35, 0x28, 0x7A, 0x23, 0x05, 0xA5,
 0x6C, 0x7B, 0x5C, 0x67, 0xED, 0x16, 0x04, 0x96, 0xBF, 0x2A, 0xDF, 0xFB, 0xB7, 0x36, 0x86, 0xAD,
 0x5A, 0x72, 0x98, 0x41, 0xF3, 0xB4, 0x2B, 0x4A, 0x75, 0x69, 0xF7, 0x3E, 0xA1, 0x6F, 0x52, 0xAC,
 0x21, 0xE5, 0xE2, 0x84, 0x06, 0x3B, 0xA8, 0x2A, 0x4C, 0xA6, 0x4C, 0x10, 0xC6, 0x13, 0x71, 0xB2,
 0x6E, 0x70, 0x9A, 0x06, 0xB0, 0xD7, 0x23, 0x3B, 0xEA, 0x9C, 0xB7, 0xA5, 0x9E, 0xCF, 0xB1, 0x0D,
 0xFF, 0x3C, 0xD9, 0x8E, 0xC2, 0xAF, 0x36, 0xA4, 0x6D, 0x4E, 0xD2, 0xA0, 0xE3, 0xAA, 0x25, 0x40,
 0x08, 0xB6, 0x57, 0x67, 0x2C, 0x6E, 0xBE, 0x59, 0xF7, 0xD6, 0x90, 0xE5, 0xC8, 0x86, 0xF2, 0xE6,
 0x23, 0xA1, 0xDD, 0x7C, 0x82, 0xED, 0xDD, 0xE7, 0x6D, 0x56, 0x10, 0xFD, 0x39, 0x9A, 0x43, 0x12,
 0xF5, 0xF9, 0x96, 0x58, 0xDF, 0xB8, 0x71, 0x6D, 0xE3, 0xEA, 0xF1, 0x8D, 0xEB, 0xBF, 0x0E, 0x1E,
 0x5E, 0x07, 0x64, 0x62, 0x7D, 0x5E, 0x56, 0x97, 0xFD, 0x75, 0x20, 0x1A, 0x07, 0x9D, 0x28, 0xAC,
 0xD4, 0x50, 0x03, 0x6B, 0xF5, 0xFE, 0x17, 0xBF, 0x0E, 0xAE, 0xDC, 0x63, 0x20, 0xF3, 0x39, 0x36,
 0x36, 0xCF, 0xFA, 0x46, 0x4E, 0x95, 0x6B, 0x09, 0x72, 0xA4, 0xD1, 0x41, 0x4D, 0x0C, 0x00, 0x86,
 0x49, 0x09, 0xD2, 0x46, 0x94, 0x9C, 0x72, 0x24, 0xEA, 0xEB, 0x77, 0xAE, 0xF5, 0x2F, 0x9E, 0x9A,
 0xCF, 0xB1, 0x99, 0xE8, 0x0A, 0xA2, 0xA1, 0x44, 0x7D, 0xE3, 0xD4, 0xFF, 0xB8, 0x67, 0xAF, 0x0E,
 0xD7, 0xE4, 0x18, 0x72, 0x78, 0x00, 0xAE, 0xE8, 0x2B, 0x95, 0xE3, 0xC9, 0x52, 0x5D, 0xFF, 0xD5,
 0xBD, 0x72, 0xCA, 0x3D, 0xFD, 0xF9, 0xC6, 0xE5, 0xAB, 0x63, 0x52, 0x41, 0xAA, 0x86, 0x55, 0x24,
 0x9A, 0x43, 0xBA, 0x82, 0x30, 0x4A, 0xD4, 0xF3, 0x40, 0x01, 0x86, 0x47, 0x27, 0x49, 0x52, 0x4F,
 0xD4, 0xDD, 0xEB, 0xDF, 0xF7, 0x4F, 0xFF, 0x32, 0xF8, 0xDF, 0x1B, 0xFE, 0x12, 0xB6, 0xB3, 0xA4,
 0x62, 0x5B, 0x58, 0xB1, 0xB0, 0x0D, 0x22, 0xBA, 0xA7, 0x7F, 0xE9, 0x5F, 0x04, 0x9B, 0xB0, 0x39,
 0x9F, 0x6B, 0xD3, 0xC7, 0x44, 0x53, 0x26, 0xAC, 0x7A, 0xF8, 0xA9, 0x7B, 0xE6, 0xDC, 0xFA, 0x9D,
 0x7B, 0xEE, 0xB9, 0xCF, 0x18, 0xA3, 0x81, 0x39, 0xFF, 0x79, 0xFC, 0xE4, 0xC2, 0xA1, 0x97, 0x38,
 0xF7, 0xCA, 0xDF, 0x36, 0x6E, 0xFD, 0xD0, 0xFF, 0xFC, 0xF6, 0xFA, 0x83, 0x3F, 0x31, 0x95, 0xB8,
 0x0F, 0x8E, 0xBB, 0x9F, 0xDC, 0x78, 0xFC, 0xFE, 0x39, 0x30, 0xD3, 0xE0, 0xBD, 0x6B, 0x83, 0x93,
 0x77, 0x61, 0xE9, 0x7C, 0xCE, 0xDC, 0x82, 0x4E, 0x02, 0xE7, 0x71, 0x4F, 0x5F, 0x72, 0x7F, 0xFC,
 0xD0, 0xFD, 0xE8, 0xA2, 0x7B, 0xFE, 0x64, 0xFF, 0xB3, 0x9B, 0x54, 0x3F, 0x14, 0x18, 0xC0, 0x37,
 0x31, 0xBE, 0x7B, 0xFA, 0x83, 0x8D, 0x5F, 0xAF, 0x0E, 0x3E, 0x3E, 0x15, 0x67, 0x79, 0xC5, 0x42,
 0x6D, 0x4C, 0x2A, 0xC0, 0x98, 0xE9, 0xF3, 0x42, 0xA2, 0x3E, 0x5B, 0x14, 0x56, 0x8B, 0x65, 0x61,
 0x92, 0xED, 0xF3, 0xF9, 0x44, 0x1D, 0xEA, 0xFF, 0xEA, 0xAC, 0x30, 0x79, 0x89, 0x08, 0xD6, 0x11,
 0xC4, 0xE2, 0xEA, 0xEE, 0xD9, 0xF2, 0xC4, 0x35, 0x05, 0x58, 0x23, 0x96, 0x85, 0xD5, 0xDD, 0xE2,
 0x64, 0x3C, 0x45, 0x6F, 0x0D, 0x41, 0x36, 0x71, 0x51, 0x09, 0x16, 0x01, 0x33, 0xAB, 0x50, 0x1C,
 0x85, 0x49, 0xCE, 0x38, 0x85, 0xC6, 0x06, 0x0F, 0x2E, 0x0E, 0xBE, 0x3B, 0xD1, 0xBF, 0x7A, 0xD9,
 0x7D, 0x70, 0x3E, 0xAA, 0x34, 0xC8, 0xE3, 0xA8, 0xA1, 0x61, 0xD9, 0xA7, 0x5D, 0x3F, 0xF0, 0xFA,
 0xC1, 0xFD, 0xAF, 0x6E, 0x8D, 0x58, 0x40, 0x68, 0xE3, 0xD6, 0xD5, 0xC7, 0xA7, 0x86, 0x24, 0x68,
 0x3F, 0x4D, 0xCD, 0xF2, 0x87, 0x0E, 0x34, 0x42, 0xCE, 0x5A, 0x82, 0xA3, 0x3B, 0x9F, 0x04, 0xDD,
 0x32, 0x25, 0xC8, 0xB9, 0x43, 0x2D, 0x51, 0x84, 0xDF, 0x68, 0xB5, 0x96, 0x28, 0x08, 0x91, 0x60,
 0xA0, 0x4A, 0x48, 0x70, 0x32, 0x72, 0x50, 0x06, 0x8A, 0xC0, 0x10, 0x49, 0xDD, 0x77, 0xFD, 0x69,
 0x58, 0xFA, 0xFD, 0xBE, 0xDF, 0xBE, 0x11, 0xC3, 0xD0, 0xAA, 0xA4, 0x2D, 0x2D, 0xB6, 0x5B, 0xEF,
 0xC6, 0x71, 0x54, 0xF2, 0x38, 0x12, 0x8B, 0x4F, 0xE2, 0x28, 0xC0, 0x32, 0x0D, 0x4B, 0x11, 0x93,
 0x7C, 0xEA, 0x7E, 0xF0, 0xB3, 0x7B, 0xE7, 0x47, 0xEA, 0xF8, 0x31, 0x7E, 0xDC, 0x58, 0x94, 0xA0,
 0xBA, 0x39, 0x81, 0x1B, 0x93, 0x9C, 0x30, 0xEA, 0x25, 0x75, 0x71, 0x6C, 0xA4, 0x30, 0x36, 0x52,
 0x7C, 0x2A, 0xB7, 0xA1, 0x3C, 0x7E, 0x74, 0xEF, 0x89, 0x3E, 0x73, 0x70, 0xE1, 0xDF, 0x5F, 0x3A,
 0xB0, 0x05, 0x4A, 0x5E, 0x17, 0x92, 0x18, 0xC9, 0x5E, 0x9A, 0x81, 0xE4, 0x7D, 0x86, 0xAE, 0xA8,
 0x4D, 0xC8, 0xBF, 0x37, 0xEE, 0xBB, 0xE7, 0x83, 0xBC, 0xE0, 0xA7, 0xB1, 0xD0, 0x62, 0x1B, 0x2D,
 0x63, 0x6F, 0x71, 0x90, 0x62, 0xD8, 0x29, 0x1E, 0x24, 0xF8, 0x47, 0x97, 0xDC, 0x6B, 0x5F, 0xB8,
 0x77, 0x6F, 0xBB, 0xF7, 0x2E, 0x0C, 0x2E, 0x5C, 0x8D, 0x85, 0x97, 0x90, 0xE9, 0x74, 0x2C, 0xC8,
 0x12, 0xFD, 0xB3, 0x9F, 0xF6, 0x3F, 0x3C, 0x17, 0x49, 0x95, 0x2C, 0x85, 0x4D, 0x9D, 0xD1, 0x06,
 0x8F, 0xEE, 0x6F, 0x3C, 0xFC, 0xEB, 0xFA, 0x9D, 0x8F, 0xFB, 0xFF, 0xF8, 0x70, 0xE3, 0xC6, 0x67,
 0x9B, 0x24, 0xB2, 0x61, 0x05, 0xBB, 0x79, 0xCB, 0xBD, 0xFB, 0xF7, 0xC7, 0x9F, 0x7D, 0x0D, 0xA9,
 0x70, 0xA8, 0x5E, 0xE6, 0x42, 0xEC, 0x17, 0x1D, 0x0B, 0x0A, 0x03, 0xDD, 0xA0, 0x26, 0xC2, 0x1E,
 0xDC, 0x6A, 0xAB, 0x96, 0x65, 0x58, 0xBE, 0x03, 0xD3, 0x5D, 0x6B, 0xC3, 0x58, 0x4D, 0x44, 0xD0,
 0xF8, 0xB8, 0xA7, 0x89, 0x15, 0xF7, 0x9B, 0x93, 0x83, 0xAF, 0x6E, 0x31, 0x69, 0xB6, 0xC7, 0xD4,
 0xB2, 0xA2, 0xA9, 0xE6, 0x4E, 0xB2, 0xB4, 0x71, 0xE6, 0xE7, 0xFE, 0xA5, 0xCB, 0xBE, 0x5E, 0xB7,
 0xC3, 0x12, 0xED, 0x49, 0x49, 0xA9, 0xDD, 0x32, 0x57, 0x23, 0x0E, 0x30, 0x9F, 0xA3, 0x5D, 0x0D,
 0xBB, 0x8D, 0x18, 0xF5, 0x04, 0xD6, 0xAA, 0xF9, 0x2D, 0x4E, 0x48, 0x90, 0x60, 0x97, 0x4F, 0x18,
 0x6A, 0x37, 0x99, 0xE3, 0xD2, 0x2D, 0x74, 0x82, 0x43, 0x9A, 0x43, 0xBC, 0xB0, 0x8D, 0x2D, 0xC4,
 0x79, 0x63, 0x91, 0xE6, 0x40, 0xA6, 0xFD, 0x0B, 0xCD, 0x3F, 0x34, 0x23, 0x98, 0x10, 0x2F, 0x02,
 0xF7, 0xCA, 0xC1, 0x85, 0xA0, 0x39, 0x20, 0xFB, 0x53, 0x26, 0x23, 0xD9, 0x6F, 0x24, 0xEA, 0x99,
 0x4C, 0x85, 0xFE, 0x0B, 0x0B, 0xC8, 0x54, 0xD0, 0xAD, 0x0C, 0x25, 0x9A, 0xA6, 0xFB, 0xF0, 0x30,
 0x92, 0xAD, 0xC4, 0x3E, 0x96, 0x82, 0xB6, 0xD9, 0x8E, 0x38, 0x46, 0xB3, 0xA9, 0xE1, 0x05, 0x4F,
 0xE0, 0x68, 0x94, 0xBA, 0x27, 0xBE, 0xEE, 0x5F, 0xFB, 0x3E, 0x36, 0x38, 0x57, 0x54, 0x45, 0xDD,
 0xEB, 0xE8, 0x89, 0xFA, 0xDB, 0xEA, 0x2B, 0x2A, 0xC7, 0x9A, 0x8D, 0xD8, 0x85, 0x86, 0x83, 0xE8,
 0xBA, 0xB7, 0x48, 0xAF, 0x72, 0xEE, 0xD4, 0xE0, 0xDE, 0x8F, 0xB1, 0xCB, 0x2C, 0xDC, 0x30, 0x0C,
 0x87, 0xAC, 0xF4, 0xB9, 0x20, 0xDB, 0xA2, 0x44, 0xFD, 0xF1, 0xA9, 0x73, 0xD0, 0xCC, 0xB0, 0xD6,
 0x67, 0x02, 0xA0, 0x8D, 0x47, 0xE0, 0xC0, 0x2A, 0x14, 0x0C, 0x18, 0x8A, 0xB2, 0x15, 0xAF, 0x65,
 0xDA, 0xB5, 0x27, 0xE2, 0xBC, 0x9C, 0xCC, 0x90, 0xF4, 0x51, 0xA8, 0x0F, 0xFE, 0x7E, 0x7F, 0x70,
 0xFF, 0xDB, 0xC1, 0xD9, 0xDB, 0xFD, 0xE3, 0x27, 0x20, 0x77, 0x14, 0xA8, 0x1F, 0xD4, 0xDD, 0x0F,
 0xDE, 0x87, 0x2C, 0xC6, 0xCD, 0x37, 0x58, 0xB4, 0x63, 0x64, 0x1E, 0xC2, 0xAB, 0x0E, 0x31, 0x32,
 0xD0, 0xF4, 0x4D, 0x1B, 0xC2, 0xC7, 0xB6, 0xA1, 0x4C, 0xB0, 0xA1, 0xD7, 0x10, 0xB8, 0xBD, 0xD4,
 0xD2, 0xE1, 0x02, 0x45, 0x09, 0xD0, 0xA4, 0xED, 0xE3, 0x37, 0x6D, 0x68, 0x9C, 0xA6, 0x20, 0x10,
 0xC6, 0x4D, 0x61, 0xE2, 0x91, 0x47, 0x3A, 0xCD, 0xFE, 0x9D, 0x9F, 0xDC, 0x7B, 0x7F, 0xE1, 0x86,
 0xA0, 0x64, 0x8B, 0x32, 0xA4, 0x46, 0x81, 0xB9, 0x63, 0xDC, 0xBE, 0x83, 0xBF, 0x0B, 0xAD, 0x91,
 0xCC, 0x4E, 0x64, 0xC9, 0x98, 0x3F, 0x4F, 0xD2, 0x68, 0xD0, 0x62, 0x06, 0xEA, 0x0C, 0x0C, 0x48,
 0x0A, 0x46, 0xD0, 0x28, 0x2E, 0x40, 0xA3, 0xE8, 0xD3, 0xE0, 0xDE, 0xD8, 0x1B, 0x52, 0x0E, 0x94,
 0x05, 0x28, 0xCE, 0x24, 0xDA, 0x7C, 0x0D, 0x41, 0xAC, 0xBE, 0x42, 0x42, 0x70, 0x6A, 0xF5, 0x40,
 0xC0, 0x4E, 0xA7, 0x1C, 0x4A, 0x6A, 0xE3, 0xF8, 0xE7, 0xD0, 0x67, 0x87, 0xC4, 0xA7, 0x0C, 0x1E,
 0xB0, 0xC3, 0x1A, 0x6A, 0xDB, 0x53, 0x6B, 0xC0, 0xBD, 0xF3, 0x17, 0xF7, 0xFA, 0xC3, 0xC9, 0xE2,
 0x37, 0x90, 0x2E, 0xD3, 0x2D, 0x2B, 0xC3, 0x3F, 0x94, 0xFB, 0xE3, 0xAB, 0xFD, 0x7F, 0x9C, 0x08,
 0xCB, 0x6D, 0x63, 0x5D, 0xDE, 0x9A, 0xE0, 0x04, 0x62, 0x2A, 0xC9, 0x5F, 0x3B, 0x18, 0x92, 0x57,
 0x35, 0xE3, 0xAD, 0x3D, 0x0E, 0x46, 0xB3, 0xC2, 0xFA, 0xA3, 0xCB, 0xEE, 0xF9, 0x5F, 0x02, 0x26,
 0xD5, 0xA6, 0x8E, 0xB4, 0x18, 0xFF, 0x0D, 0x67, 0x73, 0xEF, 0x71, 0x34, 0xAD, 0x6F, 0x67, 0xAF,
 0x3A, 0xB8, 0x70, 0xFF, 0xF1, 0xA5, 0xEF, 0x37, 0x6E, 0xBE, 0xB7, 0x71, 0xF6, 0xE4, 0x34, 0xC5,
 0x7E, 0xFD, 0xDE, 0x75, 0x70, 0xFF, 0x98, 0x2E, 0xB4, 0x41, 0xCF, 0x1F, 0x75, 0x6C, 0xDB, 0x71,
 0x7D, 0x68, 0x46, 0xF4, 0x1B, 0xD1, 0x27, 0xF5, 0xA1, 0x21, 0x3C, 0x5B, 0x6A, 0x8E, 0xDD, 0x1B,
 0x77, 0xFB, 0x37, 0x2E, 0xC4, 0xF3, 0x46, 0x8E, 0x70, 0x2D, 0x64, 0x3B, 0x4F, 0xC7, 0x59, 0x80,
 0x65, 0x4B, 0x7C, 0x3D, 0xFE, 0xE1, 0x6F, 0xEE, 0x7F, 0x7F, 0x14, 0xCF, 0x97, 0x0D, 0x45, 0x8A,
 0x1E, 0x5E, 0xEB, 0x4F, 0xC7, 0x59, 0x08, 0xCF, 0xD6, 0x78, 0xBB, 0xF0, 0xC9, 0x04, 0xC6, 0x5A,
 0xC8, 0x32, 0x9F, 0xDE, 0x96, 0x43, 0x34, 0x31, 0x6C, 0x6D, 0xA1, 0x27, 0xFD, 0xF2, 0x21, 0x34,
 0x98, 0x1B, 0x97, 0x2F, 0x4F, 0xE3, 0xA0, 0x6C, 0x6F, 0xCF, 0xBD, 0xF4, 0xF6, 0xDE, 0xED, 0xF5,
 0x58, 0x68, 0xA5, 0xB1, 0x93, 0x4D, 0x1F, 0xF0, 0xC1, 0xB9, 0xDF, 0x7F, 0x33, 0xF8, 0xEA, 0xEC,
 0xB6, 0xD9, 0x59, 0x6C, 0x22, 0x55, 0xDF, 0x01, 0x9E, 0x46, 0x36, 0x44, 0xC0, 0x56, 0xFC, 0x26,
 0x9A, 0x36, 0x2D, 0x8D, 0xC5, 0xB6, 0x21, 0x8F, 0x9F, 0x3B, 0x08, 0xE3, 0xA7, 0x49, 0x91, 0x5D,
 0x3E, 0x94, 0x80, 0x2F, 0x6F, 0xB9, 0x57, 0x7E, 0x9A, 0xB4, 0x00, 0x5C, 0xE6, 0xF1, 0x17, 0x9B,
 0x2D, 0x28, 0x40, 0x37, 0x75, 0xF6, 0x1B, 0xF7, 0xFD, 0xBF, 0xBA, 0xD7, 0xAF, 0x4C, 0x5A, 0x53,
 0x24, 0xBD, 0x1A, 0xEC, 0x88, 0xAE, 0x6D, 0xBA, 0x4D, 0xDB, 0xC2, 0x29, 0xCE, 0x57, 0x97, 0xDC,
 0xF7, 0xCF, 0x4C, 0xEF, 0x5C, 0xFE, 0xFA, 0x6D, 0xD9, 0x13, 0x4B, 0x3B, 0xEA, 0x5E, 0xFB, 0xF7,
 0x71, 0x2F, 0x2F, 0x1C, 0xDC, 0x36, 0x2F, 0xE2, 0x4E, 0x32, 0xC3, 0xF4, 0xB2, 0x71, 0xF9, 0x07,
 0xF7, 0xC4, 0xA3, 0x98, 0xA4, 0x82, 0xF0, 0xA2, 0x86, 0x97, 0x41, 0xE9, 0x4F, 0x95, 0x53, 0x02,
 0x2C, 0x5B, 0xCA, 0x74, 0x8C, 0x35, 0xF7, 0xF8, 0x83, 0x58, 0xBE, 0xA4, 0x45, 0x8F, 0xCC, 0x38,
 0x63, 0x82, 0xC7, 0x17, 0x39, 0xB6, 0x7A, 0x32, 0x6B, 0x3E, 0xA2, 0xA7, 0x4A, 0x77, 0x7E, 0xBA,
 0x98, 0xD6, 0x1D, 0x9F, 0x2A, 0xBD, 0x34, 0x77, 0xD6, 0x1D, 0x5F, 0xDD, 0x17, 0xCD, 0x76, 0x23,
 0xB4, 0x46, 0x52, 0x59, 0x9C, 0x9A, 0x9F, 0x7C, 0x72, 0x16, 0x60, 0xD9, 0xF2, 0x39, 0x15, 0x63,
 0x6C, 0xFD, 0xCE, 0xD9, 0xC7, 0x5F, 0x7E, 0x12, 0x97, 0xF5, 0x08, 0x56, 0x09, 0xAB, 0x9A, 0xAA,
 0x37, 0xE3, 0x32, 0x9F, 0xB8, 0xBA, 0x49, 0xD6, 0x2B, 0xAE, 0x6E, 0x92, 0xF1, 0xCA, 0xAB, 0x9B,
 0x64, 0xBB, 0xFC, 0xEC, 0xEA, 0x26, 0x79, 0xAE, 0x30, 0x99, 0x6A, 0x89, 0x9C, 0x01, 0x4F, 0x9C,
 0x9D, 0xA5, 0x67, 0xB2, 0xAB, 0x3B, 0x94, 0x21, 0x07, 0x67, 0xEE, 0xF6, 0x3F, 0x3B, 0xBD, 0x7E,
 0xE7, 0xE3, 0xF5, 0x47, 0xD7, 0xFB, 0xD7, 0xFE, 0x3C, 0xED, 0xF1, 0x36, 0x03, 0x8B, 0xD3, 0x35,
 0xB9, 0xB8, 0x57, 0x91, 0xB6, 0x88, 0x15, 0x05, 0x86, 0xE2, 0xD4, 0xDD, 0xFF, 0xFC, 0xBB, 0x4D,
 0xF4, 0xBD, 0x71, 0xEB, 0xDB, 0xC1, 0x99, 0x53, 0x9B, 0xE8, 0x7C, 0x70, 0xE2, 0x26, 0x6D, 0x6D,
 0x26, 0xEA, 0x7D, 0x70, 0xEF, 0xFB, 0x8D, 0x33, 0x3F, 0x6F, 0xA2, 0xFA, 0xC1, 0xFD, 0x47, 0x9B,
 0x2C, 0x00, 0xED, 0x6F, 0x7C, 0x7A, 0x69, 0x93, 0x05, 0x60, 0x00, 0xF7, 0xCA, 0x39, 0xF7, 0xFC,
 0x95, 0x6D, 0x9E, 0x3F, 0xBB, 0x97, 0xCE, 0x0F, 0x4E, 0xDE, 0xED, 0x7F, 0x77, 0x99, 0xEA, 0x7B,
 0x3B, 0xB1, 0xDD, 0x30, 0x77, 0x34, 0xB6, 0xA1, 0x0B, 0x7B, 0x4A, 0x86, 0x56, 0x76, 0x96, 0xA1,
 0x57, 0x51, 0xBB, 0x8D, 0xB6, 0xC7, 0x89, 0x85, 0x56, 0x16, 0x9B, 0x6D, 0xB4, 0x93, 0xDC, 0x90,
 0xF3, 0xCF, 0x2B, 0xB7, 0x22, 0xC5, 0x6F, 0x4B, 0x4C, 0x69, 0x58, 0x97, 0x76, 0xEA, 0x64, 0x6F,
 0x3E, 0x47, 0x2E, 0x3F, 0xE1, 0x77, 0x88, 0x5B, 0x7A, 0xED, 0x9B, 0xF0, 0x8E, 0xB3, 0xBC, 0x7D,
 0x0C, 0x45, 0x33, 0x4F, 0xBE, 0xD1, 0x35, 0x9A, 0xC1, 0x79, 0xD5, 0xCB, 0xF4, 0x15, 0xA6, 0xC9,
 0x7D, 0x35, 0x07, 0x7B, 0xE2, 0x96, 0x01, 0x33, 0x6C, 0x51, 0x22, 0x26, 0x3B, 0x8C, 0x1C, 0x6D,
 0x3D, 0xE1, 0xBA, 0x73, 0x61, 0xE1, 0xB5, 0x97, 0x63, 0x6A, 0x03, 0x21, 0xBB, 0x00, 0xAC, 0xFB,
 0xF2, 0x3B, 0x74, 0xFB, 0x3B, 0xBE, 0x6D, 0x1E, 0xCB, 0xE9, 0x37, 0x3E, 0x18, 0x7C, 0x77, 0x62,
 0x02, 0xC2, 0x83, 0x68, 0xB8, 0x81, 0xF1, 0xBF, 0xBB, 0x8B, 0x43, 0x3A, 0x76, 0x84, 0xEF, 0x85,
 0xB0, 0x84, 0xA0, 0x1E, 0x80, 0x8C, 0xEE, 0xF9, 0x8B, 0xFD, 0xDB, 0xA7, 0x27, 0x1E, 0xEF, 0x2D,
 0xA0, 0x65, 0xA8, 0x50, 0x1E, 0x8C, 0x8C, 0x15, 0xD4, 0xD1, 0x9C, 0x49, 0x27, 0xF9, 0xD1, 0x7B,
 0xCC, 0x1C, 0x51, 0x31, 0x7D, 0x21, 0xCA, 0x1D, 0x35, 0x85, 0xE1, 0xA0, 0xAD, 0x5A, 0x22, 0x7C,
 0x78, 0x48, 0x0C, 0x31, 0xD4, 0x87, 0xA2, 0x5A, 0xED, 0x15, 0x64, 0x05, 0x3D, 0x0E, 0xF9, 0x62,
 0x2F, 0xC1, 0x91, 0x0F, 0x0A, 0x4C, 0xA7, 0x96, 0xC8, 0x36, 0x68, 0x41, 0x8D, 0xDC, 0xAA, 0xFA,
 0x5C, 0x2C, 0x38, 0xC8, 0x81, 0x9E, 0xE6, 0xF1, 0xF1, 0x33, 0xFD, 0x0F, 0x7F, 0xE2, 0x0E, 0x6A,
 0xC8, 0x21, 0xEC, 0xBC, 0xF6, 0x16, 0x37, 0xB8, 0xF0, 0x6D, 0xFF, 0xF4, 0x27, 0x83, 0x3F, 0xFD,
 0x91, 0xF3, 0xD1, 0x13, 0x44, 0xF4, 0x0A, 0x75, 0x67, 0xD4, 0x0B, 0xC4, 0x7F, 0x67, 0x92, 0xCB,
 0x94, 0x29, 0xF4, 0x7B, 0xE7, 0xEC, 0xFA, 0x83, 0xEF, 0x9E, 0xA8, 0x5F, 0x5B, 0xB2, 0x54, 0xD3,
 0xA9, 0xEF, 0x82, 0xCD, 0xBC, 0xED, 0x70, 0xCF, 0xD6, 0x80, 0x4A, 0x5D, 0x36, 0xA4, 0x4E, 0x1B,
 0xEB, 0x4E, 0xB6, 0x89, 0x9D, 0xFD, 0x1A, 0x26, 0x8F, 0x7B, 0xD7, 0x5E, 0x93, 0x93, 0xAA, 0x9C,
 0x4A, 0x73, 0x34, 0x54, 0x6A, 0xCF, 0x26, 0x79, 0xFA, 0xC0, 0xC3, 0x08, 0x3B, 0xE2, 0x26, 0x43,
 0xEC, 0x89, 0x4F, 0x55, 0x39, 0x0D, 0x3B, 0xDE, 0x38, 0x74, 0x0F, 0x35, 0xC7, 0xEA, 0xE0, 0x34,
 0x27, 0x29, 0xCD, 0x5A, 0xB7, 0x97, 0x26, 0x66, 0xB3, 0x54, 0xC9, 0x3E, 0xA4, 0xB6, 0xB1, 0x55,
 0x13, 0xAA, 0x1E, 0x69, 0x7A, 0x9A, 0x60, 0x68, 0x07, 0x90, 0x59, 0x3B, 0xCC, 0x07, 0x57, 0xBD,
 0x7C, 0x9A, 0xF7, 0xAE, 0x06, 0xE1, 0x69, 0x78, 0x14, 0x02, 0x2F, 0xFE, 0xE9, 0x03, 0x3C, 0x0E,
 0xB7, 0xFB, 0xE4, 0xC5, 0xDF, 0x63, 0xC3, 0x33, 0x6C, 0x16, 0xD9, 0x4F, 0xDA, 0x21, 0xC1, 0xA3,
 0xB7, 0x91, 0x23, 0x83, 0x58, 0x62, 0x3F, 0x45, 0xFA, 0x8B, 0xF5, 0xD0, 0x6C, 0x84, 0xF5, 0xAC,
 0xE4, 0xB9, 0x29, 0xB1, 0x9F, 0x3E, 0x78, 0xA8, 0x23, 0x82, 0x37, 0xEF, 0x96, 0x06, 0x9E, 0xE8,
 0xD5, 0x08, 0xA1, 0x3D, 0x52, 0xC5, 0x09, 0xC7, 0x26, 0xC1, 0xB0, 0x42, 0x7F, 0x7A, 0x39, 0x16,
 0x9E, 0x48, 0x62, 0xA3, 0x12, 0xB0, 0xDB, 0x0B, 0xFE, 0x48, 0x75, 0x97, 0xD2, 0xD1, 0x59, 0xAF,
 0x61, 0xA3, 0xB5, 0xA4, 0x93, 0xEA, 0xB2, 0x4F, 0x52, 0x48, 0xD4, 0xEF, 0xF3, 0xFE, 0xF8, 0xC2,
 0xA9, 0xB2, 0x31, 0x6A, 0xE7, 0xDF, 0xAA, 0xF0, 0x84, 0x64, 0x19, 0x54, 0xDE, 0x32, 0x56, 0x40,
 0xE1, 0x36, 0x76, 0x88, 0x3E, 0x8D, 0x8E, 0x93, 0x4C, 0xA6, 0x6A, 0xF5, 0xE8, 0x52, 0x0B, 0xB7,
 0x8D, 0x65, 0xEC, 0xAF, 0x4E, 0xE7, 0xCB, 0x82, 0x90, 0xEA, 0x0D, 0x89, 0x82, 0xC0, 0xC4, 0xB8,
 0x5D, 0x66, 0x09, 0x0C, 0xA6, 0x84, 0xB7, 0xAA, 0x85, 0x41, 0xAD, 0x3A, 0x87, 0xB3, 0x34, 0x42,
 0x6A, 0x35, 0xDE, 0x4F, 0xC2, 0xFC, 0x9E, 0x24, 0xCE, 0x7A, 0x9F, 0x52, 0xEE, 0xC9, 0x57, 0x84,
 0x54, 0xE5, 0xCD, 0x4E, 0xBB, 0x81, 0x2D, 0x18, 0xA5, 0xAA, 0x0B, 0xA3, 0x06, 0xC6, 0xFE, 0x83,
 0x62, 0x4F, 0x2F, 0x47, 0xF1, 0xAB, 0x4A, 0xF2, 0x19, 0x9C, 0x62, 0x54, 0xC8, 0x4B, 0x0C, 0xA1,
 0x54, 0x40, 0xA7, 0xF6, 0xCC, 0x33, 0xCB, 0x55, 0xAC, 0xD9, 0x98, 0xF3, 0x88, 0xD4, 0x96, 0xAB,
 0x0C, 0x1D, 0xC8, 0x5C, 0x0B, 0x3C, 0xF6, 0x0F, 0x1D, 0x6C, 0xAD, 0x2D, 0xD0, 0xB6, 0xC2, 0xB0,
 0x92, 0xEF, 0x1C, 0x1E, 0xF6, 0xC9, 0xCF, 0x76, 0x55, 0xB9, 0x97, 0x38, 0xF2, 0x0E, 0xA5, 0x0B,
 0x30, 0x29, 0xF8, 0x6F, 0x44, 0xC1, 0x1E, 0xDE, 0xDE, 0x2E, 0x64, 0xAF, 0xE9, 0x12, 0x17, 0x48,
 0x00, 0x41, 0xF0, 0xBA, 0x6D, 0xE8, 0xC9, 0x8E, 0xCF, 0xBF, 0x55, 0x43, 0x2B, 0x48, 0x75, 0x38,
 0x05, 0x43, 0xC5, 0x4A, 0x76, 0xD2, 0x5D, 0x09, 0x01, 0x93, 0x15, 0x5E, 0x37, 0x32, 0x36, 0x50,
 0xC5, 0x7C, 0x2F, 0xD0, 0x9D, 0x95, 0x3D, 0x4A, 0x40, 0x53, 0x63, 0x48, 0x4D, 0xC3, 0xF6, 0xB0,
 0xA6, 0x8D, 0x89, 0x78, 0x59, 0x7E, 0xAB, 0xF0, 0x07, 0xDF, 0x5A, 0x38, 0xC4, 0xA7, 0xD9, 0x47,
 0x38, 0x76, 0xA5, 0xCB, 0x7B, 0x1C, 0x67, 0x0E, 0x81, 0xBA, 0xF8, 0x0A, 0x8F, 0x4C, 0x53, 0x53,
 0x25, 0xEA, 0xFF, 0x39, 0x42, 0x8E, 0xEF, 0xA5, 0xC9, 0x07, 0x3F, 0x95, 0xD7, 0x17, 0xDE, 0x7A,
 0x33, 0x0B, 0x41, 0x08, 0xDE, 0xAA, 0x2A, 0x6B, 0x49, 0x23, 0x35, 0x05, 0x5F, 0x5E, 0x14, 0x52,
 0x6F, 0x08, 0x73, 0xF3, 0x4E, 0xCE, 0x9B, 0xD9, 0xB3, 0x8C, 0xAC, 0x1A, 0xD5, 0xE5, 0xF3, 0xA0,
 0x2E, 0x78, 0xF2, 0x7C, 0xA7, 0x07, 0x8A, 0xE5, 0x40, 0xB3, 0x10, 0xE4, 0x87, 0x55, 0xF9, 0xC8,
 0x33, 0xB5, 0x5A, 0x47, 0x87, 0xDC, 0xA4, 0xEA, 0x58, 0x4E, 0x79, 0x63, 0x35, 0x7F, 0x69, 0xC8,
 0x3B, 0x1C, 0x64, 0x39, 0xEC, 0x16, 0x29, 0x99, 0xEA, 0xB2, 0x84, 0x91, 0xB5, 0x2D, 0xA9, 0xF6,
 0xCE, 0xB3, 0x5D, 0xCD, 0x60, 0x32, 0x65, 0x4D, 0xCB, 0x70, 0x0C, 0x08, 0x96, 0x5E, 0x2E, 0x17,
 0x1A, 0x6D, 0x81, 0x06, 0xC9, 0x1F, 0x2A, 0xF5, 0x2A, 0xE5, 0x7C, 0x8E, 0x41, 0xEE, 0x81, 0xBC,
 0xD4, 0x7D, 0x19, 0x72, 0x73, 0x56, 0x37, 0x56, 0x40, 0xB8, 0x77, 0xAA, 0xA3, 0x29, 0xA8, 0x4A,
 0xB3, 0xD6, 0xF0, 0xE2, 0x8A, 0x4F, 0x8D, 0x38, 0x00, 0xCF, 0xAE, 0xAD, 0xF8, 0x11, 0xFE, 0x0C,
 0x33, 0xCA, 0x1E, 0x8B, 0xA5, 0x97, 0x1C, 0x50, 0x2C, 0xE4, 0x56, 0x12, 0x54, 0x96, 0x44, 0x22,
 0x30, 0x20, 0xA5, 0x20, 0x70, 0xD3, 0x27, 0xD2, 0x7A, 0x70, 0xDC, 0xFD, 0xF1, 0x43, 0x7E, 0xCC,
 0x00, 0xC3, 0x9B, 0x72, 0xA0, 0x48, 0x32, 0x26, 0xB3, 0x82, 0xEF, 0x84, 0x3C, 0xB1, 0x03, 0x4C,
 0x02, 0xC1, 0xB7, 0xE8, 0x27, 0xB9, 0xD9, 0x25, 0xBC, 0x66, 0x13, 0xAD, 0xA7, 0xB2, 0xE0, 0xE6,
 0xFB, 0xC1, 0x13, 0x93, 0x4B, 0xB5, 0xBA, 0x17, 0x75, 0x4B, 0x69, 0xA2, 0xFA, 0xA5, 0x23, 0xA9,
 0x54, 0x95, 0x25, 0xE4, 0x31, 0x6C, 0xEC, 0x5E, 0x30, 0x82, 0xCD, 0x76, 0xE2, 0x91, 0xD9, 0x0E,
 0xC3, 0x05, 0xA2, 0xF9, 0xFD, 0x09, 0x88, 0xC5, 0xA2, 0x11, 0x08, 0x65, 0x6D, 0x18, 0x38, 0x76,
 0x8C, 0xE7, 0xAB, 0x24, 0x89, 0xF1, 0xEC, 0x86, 0xDF, 0xFD, 0xE5, 0x67, 0x76, 0xE1, 0xCF, 0x8F,
 0x3B, 0xDB, 0xF0, 0xA2, 0x1F, 0x64, 0x05, 0x82, 0x49, 0x16, 0x07, 0xAA, 0xCC, 0x19, 0x4A, 0xA8,
 0x1E, 0xA4, 0xBA, 0xE0, 0x57, 0x34, 0x65, 0x8C, 0x79, 0x12, 0xA1, 0xEA, 0x7F, 0xA8, 0x41, 0x07,
 0x79, 0xFF, 0x0D, 0x44, 0x22, 0x93, 0xFE, 0xB7, 0x16, 0x6C, 0xD2, 0x7F, 0xF3, 0x26, 0xFD, 0x4F,
 0xC9, 0x48, 0xE9, 0xF2, 0x9F, 0x7D, 0x81, 0xA8, 0xC2, 0xFC, 0x88, 0x0C, 0xA2, 0x35, 0x50, 0x3F,
 0x51, 0x6C, 0x8A, 0xCA, 0x69, 0x65, 0xA1, 0x52, 0xD9, 0x00, 0x09, 0x92, 0x13, 0x81, 0xE4, 0x18,
 0x41, 0xBD, 0x8F, 0xB7, 0x0E, 0xB0, 0xC2, 0x07, 0xC2, 0x3A, 0xD6, 0x9A, 0x17, 0xF4, 0xED, 0x31,
 0x93, 0x78, 0xE5, 0x91, 0xF0, 0x48, 0x57, 0xD8, 0xB5, 0x76, 0x96, 0x39, 0xD7, 0xB1, 0x63, 0x50,
 0x3E, 0x57, 0xE0, 0x95, 0x68, 0x9F, 0xBC, 0x10, 0x4B, 0x28, 0xA6, 0x1D, 0xF1, 0xAD, 0xA4, 0x9D,
 0x85, 0xC1, 0x63, 0xC7, 0x04, 0x18, 0x36, 0x5E, 0x21, 0x9F, 0x60, 0x26, 0xF3, 0xA9, 0x17, 0x79,
 0x72, 0xF1, 0xC3, 0x13, 0x08, 0x76, 0xDB, 0x35, 0x0D, 0x10, 0x59, 0xED, 0xDD, 0x11, 0x4D, 0xBB,
 0xDC, 0xBB, 0xDA, 0x8A, 0x2C, 0xB7, 0xB3, 0x68, 0xB9, 0xB9, 0x48, 0xE7, 0x16, 0xDB, 0x04, 0x2C,
 0x58, 0xEA, 0x5F, 0xD3, 0x45, 0xF1, 0x27, 0xC3, 0x20, 0xA4, 0x13, 0x20, 0xB4, 0x72, 0xE4, 0x8B,
 0xAA, 0x21, 0x45, 0x91, 0x48, 0xF5, 0xC6, 0x5E, 0x2A, 0x54, 0x70, 0xE9, 0x15, 0x83, 0x28, 0x98,
 0x5B, 0x5C, 0x6A, 0x30, 0xA6, 0x73, 0xE5, 0xFC, 0x9C, 0x18, 0x41, 0x74, 0x60, 0x6F, 0xCE, 0x66,
 0xFA, 0x19, 0xDE, 0x8F, 0x8F, 0x89, 0xC1, 0xE6, 0x7C, 0x09, 0xD8, 0xBD, 0x56, 0x64, 0xD1, 0x4A,
 0x56, 0x35, 0x8F, 0x1D, 0x5B, 0xC9, 0x22, 0x73, 0xD1, 0x0B, 0x88, 0x4C, 0x86, 0xE2, 0x1D, 0x5E,
 0x64, 0x8D, 0x41, 0x40, 0x18, 0x82, 0x67, 0xEA, 0x3A, 0x84, 0x20, 0x94, 0xD4, 0x64, 0x12, 0x46,
 0xE8, 0x62, 0xC2, 0xEB, 0x8B, 0xFC, 0x73, 0x7C, 0xAA, 0xE2, 0x23, 0xF1, 0x6F, 0x57, 0x23, 0x28,
 0xDA, 0x59, 0x32, 0x81, 0x2D, 0xD2, 0x09, 0xE1, 0x45, 0xA9, 0x56, 0xD3, 0x3B, 0x9A, 0xB6, 0x87,
 0x00, 0x55, 0x22, 0x53, 0x23, 0x3E, 0xF1, 0x7F, 0x37, 0xF7, 0x31, 0x91, 0xD9, 0x7D, 0xEC, 0x18,
 0x52, 0x18, 0x17, 0x46, 0x71, 0x91, 0x91, 0x00, 0x05, 0x65, 0x8E, 0xCB, 0x71, 0xFC, 0x8B, 0x74,
 0x22, 0x3F, 0x3A, 0xC1, 0xD3, 0x18, 0x6A, 0x29, 0x80, 0x87, 0x5C, 0x55, 0x83, 0x2D, 0x31, 0xB1,
 0x62, 0xDA, 0x24, 0x98, 0xE9, 0x05, 0xF3, 0xA2, 0x03, 0x0D, 0x2D, 0x08, 0x99, 0x4F, 0x9B, 0x4A,
 0x30, 0xE6, 0x2D, 0x23, 0x6C, 0xF9, 0x37, 0xE3, 0x51, 0x9B, 0xB6, 0x94, 0x88, 0x27, 0x08, 0x21,
 0x4F, 0xF0, 0xAE, 0xC5, 0x01, 0x86, 0x7E, 0x06, 0x9B, 0x65, 0x7F, 0xB4, 0x7A, 0x00, 0x39, 0xAD,
 0x2C, 0xA4, 0xE7, 0x64, 0x5E, 0x10, 0xD2, 0x00, 0x5F, 0x10, 0x77, 0xCF, 0x32, 0x26, 0x01, 0x24,
 0xB8, 0x21, 0x8F, 0x12, 0x32, 0x09, 0xA1, 0x62, 0xB9, 0x04, 0x6B, 0xA3, 0xCE, 0x32, 0x04, 0x9C,
 0x44, 0x0C, 0xAD, 0x26, 0x85, 0xF4, 0x08, 0x5D, 0x53, 0x79, 0x01, 0x7E, 0xE5, 0x4C, 0x27, 0x15,
 0x90, 0x66, 0x37, 0xC9, 0x9B, 0x31, 0x3B, 0x0C, 0xB5, 0x17, 0x4A, 0x01, 0x98, 0x77, 0x0F, 0xBB,
 0x25, 0xB8, 0x1E, 0x54, 0x4E, 0xC8, 0xE8, 0x38, 0xD5, 0xED, 0xF5, 0x76, 0x0D, 0xD3, 0x6B, 0x90,
 0xEA, 0x49, 0xEB, 0xDF, 0x85, 0xA6, 0x72, 0xFF, 0x32, 0xC8, 0x4E, 0xDA, 0x46, 0xAC, 0x43, 0x4F,
 0x07, 0xCD, 0x18, 0x39, 0x97, 0xE4, 0xD3, 0x18, 0x66, 0x59, 0x97, 0x86, 0x2C, 0xC8, 0x56, 0xCF,
 0x3F, 0xEF, 0x3F, 0x65, 0x01, 0xB0, 0x06, 0x1B, 0x87, 0x54, 0xA8, 0x79, 0x80, 0x56, 0x63, 0x1C,
 0x13, 0xDD, 0x7D, 0x4D, 0x83, 0xA8, 0xBB, 0xD3, 0x9D, 0x9D, 0x87, 0x9F, 0x35, 0x78, 0x3D, 0xC2,
 0xDD, 0xAE, 0xF1, 0xFA, 0x6C, 0xE8, 0x10, 0xDD, 0xD2, 0x52, 0x8D, 0x34, 0xD0, 0x41, 0x35, 0xDF,
 0x13, 0x6E, 0x01, 0x2A, 0x23, 0xFD, 0x0A, 0xCB, 0xA5, 0xF4, 0x5B, 0xB3, 0x08, 0xB4, 0x61, 0x62,
 0x5A, 0x2B, 0xBC, 0xC9, 0x34, 0xBF, 0xD8, 0x80, 0xFA, 0xB2, 0xC4, 0x53, 0x90, 0x61, 0x85, 0x0F,
 0x41, 0x0D, 0x07, 0xA9, 0x75, 0x83, 0xC2, 0x18, 0x5A, 0x32, 0x1C, 0x24, 0x4B, 0xBC, 0x92, 0x12,
 0x21, 0xDC, 0x0D, 0xB7, 0x0F, 0xD5, 0x68, 0xD9, 0xE9, 0xF9, 0x95, 0x7B, 0xAF, 0xA3, 0x47, 0x00,
 0xBD, 0x09, 0xB6, 0xBF, 0x26, 0x5E, 0x05, 0x1B, 0x85, 0x03, 0x86, 0x0C, 0x45, 0x93, 0xF2, 0xCC,
 0x3E, 0xC6, 0x19, 0x87, 0x09, 0xB6, 0xE4, 0xE3, 0x20, 0xC1, 0x87, 0x39, 0x21, 0x28, 0x5A, 0x16,
 0x29, 0x9F, 0xA4, 0x53, 0x24, 0x6C, 0x5A, 0xED, 0x24, 0x3F, 0xB8, 0x7C, 0x7D, 0xE3, 0xFA, 0x95,
 0xF0, 0x07, 0x3B, 0xFF, 0x7A, 0xF0, 0x2D, 0x9F, 0x1A, 0x6D, 0x40, 0xF9, 0x1C, 0x43, 0xC8, 0x47,
 0xDA, 0xE2, 0x1E, 0xAB, 0xC2, 0x7C, 0xFF, 0xDA, 0x9F, 0xDD, 0xAF, 0xAF, 0x32, 0x24, 0x50, 0x81,
 0x7B, 0x8C, 0x05, 0xF6, 0x89, 0x4F, 0xD4, 0xB6, 0x64, 0xFD, 0xC6, 0x8D, 0x5F, 0xD6, 0x1F, 0x3E,
 0x1A, 0x5C, 0xB8, 0xCA, 0x91, 0xD3, 0x9A, 0xDC, 0x4B, 0x07, 0x39, 0x80, 0xED, 0x5F, 0xBC, 0xE9,
 0x7E, 0xF0, 0xA5, 0xFB, 0xFE, 0x0F, 0xEC, 0xF0, 0x86, 0x67, 0x6E, 0xE2, 0x9F, 0x69, 0x44, 0x05,
 0xE1, 0x88, 0x23, 0x63, 0x68, 0x4F, 0x31, 0x71, 0xF3, 0x97, 0xD9, 0x46, 0x3C, 0x99, 0x9A, 0xD4,
 0x39, 0x10, 0x34, 0xC0, 0x3D, 0xA9, 0x09, 0x95, 0x98, 0x0E, 0x2A, 0xED, 0x9F, 0xC8, 0xF8, 0x93,
 0xE4, 0xB4, 0xC6, 0x9F, 0xEC, 0x05, 0x4D, 0x57, 0xA0, 0x6E, 0x49, 0x33, 0x6C, 0x9C, 0x1C, 0xEF,
 0x41, 0xC8, 0x22, 0xCE, 0x6F, 0x44, 0x28, 0xFF, 0xC1, 0xA1, 0xC1, 0xB4, 0x02, 0xB0, 0xE8, 0x53,
 0x48, 0x5B, 0xE4, 0x9F, 0x63, 0x00, 0x28, 0x39, 0x21, 0xB1, 0x0F, 0x0B, 0x47, 0xE8, 0xBE, 0x4D,
 0x81, 0x76, 0xD8, 0x53, 0x23, 0x3B, 0x06, 0x71, 0xBF, 0xBA, 0xB7, 0x7E, 0xFF, 0x36, 0xEF, 0xEF,
 0x30, 0x7A, 0x8C, 0x2E, 0x3D, 0x29, 0x89, 0xB6, 0xBE, 0xEC, 0x64, 0x62, 0xFD, 0xCE, 0xB5, 0x6C,
 0x36, 0xCB, 0x8F, 0x68, 0xCB, 0x37, 0x35, 0x40, 0xF2, 0xDB, 0xDA, 0xFE, 0x18, 0x50, 0x3F, 0x9D,
 0x8C, 0x77, 0x0C, 0xE1, 0x6D, 0x83, 0x94, 0x1E, 0x33, 0xC9, 0x51, 0x8F, 0x88, 0xBF, 0xF7, 0xA9,
 0x4E, 0x66, 0xF1, 0x68, 0x48, 0x9F, 0xAC, 0x9B, 0x0D, 0x8F, 0xD0, 0x43, 0xA5, 0xEB, 0x1F, 0xF5,
 0x4F, 0x7F, 0x42, 0x35, 0x0C, 0x3E, 0xF6, 0x1A, 0xF9, 0xE3, 0x2F, 0xD2, 0x61, 0x52, 0xDF, 0x66,
 0xEA, 0x93, 0x6B, 0x3A, 0x5E, 0xE1, 0xC8, 0x6E, 0xC4, 0xCB, 0x14, 0xE4, 0x3B, 0xBE, 0x08, 0x9D,
 0xC3, 0x32, 0x39, 0x62, 0xF9, 0x8D, 0xD1, 0xB1, 0x20, 0x3A, 0xD3, 0xF4, 0xE5, 0x80, 0xAA, 0xC3,
 0xA6, 0x22, 0x78, 0x5D, 0xC0, 0x80, 0x4D, 0x86, 0xD7, 0x23, 0x50, 0x4F, 0xCC, 0xE4, 0x72, 0xAD,
 0xBE, 0x40, 0x37, 0x74, 0xC9, 0xE5, 0x54, 0xD6, 0x44, 0xF2, 0x02, 0xC9, 0x47, 0x49, 0x31, 0xCD,
 0x0B, 0x10, 0x2F, 0xD9, 0xA3, 0x06, 0xA4, 0x7E, 0xD0, 0x48, 0xAA, 0x97, 0x86, 0x02, 0x20, 0x80,
 0xD8, 0xA1, 0x6C, 0x00, 0xF6, 0x83, 0x86, 0x42, 0x5B, 0x63, 0x3C, 0x8E, 0x26, 0xB2, 0x68, 0xA2,
 0xA8, 0x8E, 0x1C, 0xD1, 0x84, 0x05, 0x1C, 0x5D, 0xC9, 0xC8, 0x90, 0x6C, 0x3A, 0x9F, 0xF3, 0x0F,
 0x92, 0xE6, 0x73, 0xDE, 0x5F, 0x9B, 0xE4, 0xD8, 0xFF, 0x88, 0xE2, 0xFF, 0x01, 0x63, 0xF8, 0x4E,
 0x49, 0x99, 0x42, 0x00, 0x00,
};

const uint8_t index_ov3660_html_gz[] = {
 0x1F, 0x8B, 0x08, 0x00, 0x00, 0x00, 0x00, 0x00, 0x02, 0x03, 0xAD, 0x3C, 0x7B, 0x93, 0xDB, 0x44,
 0x9E, 0xFF, 0xE7, 0x53, 0x08, 0x0F, 0x20, 0x1B, 0xFC, 0x90, 0x65, 0x7B, 0xE2, 0xB1, 0xC7, 0xCE,
 0x91, 0x10, 0x58, 0x60, 0x03, 0xA9, 0x9B, 0xEC, 0xB1, 0x57, 0xA9, 0xD4, 0xD0, 0x96, 0x5A, 0xB6,
 0x32, 0xB2, 0xA4, 0x95, 0xE4, 0x79, 0xE0, 0xB8, 0x2A, 0x09, 0x0B, 0x79, 0x40, 0x08, 0x77, 0x84,
 0x00, 0x0B, 0x01, 0xC2, 0x86, 0x25, 0xDC, 0x6D, 0x1E, 0xCB, 0x66, 0x43, 0x9E, 0xA4, 0xEA, 0xBE,
 0xCA, 0x8E, 0xEC, 0xC9, 0x5F, 0xFB, 0x15, 0xEE, 0xD7, 0xDD, 0x92, 0x2C, 0xCB, 0xF2, 0xC4, 0x33,
 0x99, 0x02, 0x66, 0xA4, 0xEE, 0xFE, 0xBD, 0x9F, 0xDD, 0xAD, 0x61, 0xFE, 0x19, 0xD9, 0x90, 0x9C,
 0x35, 0x13, 0x73, 0x2D, 0xA7, 0xAD, 0xD5, 0x77, 0xCD, 0x93, 0x5F, 0x9C, 0x86, 0xF4, 0x66, 0x2D,
 0xF1, 0x6E, 0x2B, 0xB3, 0xEF, 0xCD, 0x04, 0x19, 0xC3, 0x48, 0xAE, 0xEF, 0xE2, 0xB8, 0xF9, 0x36,
 0x76, 0x10, 0x27, 0xB5, 0x90, 0x65, 0x63, 0xA7, 0x96, 0xE8, 0x38, 0x4A, 0xA6, 0x9C, 0x18, 0x4E,
 0xE8, 0xA8, 0x8D, 0x6B, 0x89, 0x65, 0x15, 0xAF, 0x98, 0x86, 0xE5, 0x24, 0x38, 0xC9, 0xD0, 0x1D,
 0xAC, 0xC3, 0xC2, 0x15, 0x55, 0x76, 0x5A, 0x35, 0x19, 0x2F, 0xAB, 0x12, 0xCE, 0xD0, 0x97, 0xB4,
 0xAA, 0xAB, 0x8E, 0x8A, 0xB4, 0x8C, 0x2D, 0x21, 0x0D, 0xD7, 0xF2, 0x0C, 0x8B, 0xA3, 0x3A, 0x1A,
 0xAE, 0xEF, 0x5F, 0x38, 0x58, 0x10, 0x33, 0x0B, 0x05, 0xAE, 0xFF, 0x5F, 0x7F, 0x74, 0xDF, 0x3B,
 0xEF, 0x5E, 0xB9, 0xD5, 0xFF, 0xF8, 0x47, 0xF7, 0xF4, 0x6D, 0xF7, 0xFC, 0xCD, 0xF9, 0x1C, 0x5B,
 0x42, 0x16, 0xDB, 0xCE, 0x1A, 0x7B, 0xE2, 0xB8, 0x8A, 0x65, 0x18, 0x4E, 0x57, 0x32, 0x34, 0xC3,
 0x02, 0x84, 0x2D, 0xDC, 0xC6, 0x15, 0x19, 0x59, 0x4B, 0xD5, 0x4C, 0xA6, 0xD1, 0xAC, 0xCC, 0xE4,
 0xF3, 0xF9, 0x62, 0xBE, 0x00, 0x2F, 0x26, 0xD2, 0xB1, 0x56, 0x99, 0x11, 0x05, 0xB1, 0x24, 0x06,
 0xEF, 0x22, 0x2C, 0xD8, 0x9D, 0x6F, 0xE4, 0x11, 0x0C, 0x68, 0xAA, 0x8E, 0x2B, 0x33, 0x85, 0x62,
 0xA1, 0x51, 0x28, 0xC3, 0xAB, 0x83, 0x57, 0x9D, 0xCA, 0x0C, 0xDE, 0x8D, 0x31, 0x6E, 0xC0, 0x6B,
 0xBB, 0xE3, 0x60, 0xB9, 0x32, 0x33, 0x57, 0x40, 0xF9, 0x39, 0x09, 0xDE, 0x91, 0x24, 0x81, 0x74,
 0x95, 0x99, 0xD9, 0x22, 0x9E, 0x95, 0x05, 0x42, 0x4C, 0xEB, 0x00, 0xF8, 0x6C, 0x19, 0xED, 0x56,
 0x14, 0x78, 0x5D, 0x41, 0x96, 0x5E, 0x99, 0x51, 0x4A, 0x52, 0xA1, 0x44, 0xC0, 0x1B, 0x08, 0x80,
 0x15, 0x65, 0x56, 0x99, 0xCB, 0xF7, 0x5E, 0xE8, 0x36, 0x8C, 0xD5, 0x8C, 0xAD, 0xBE, 0xAB, 0xEA,
 0xCD, 0x4A, 0xC3, 0xB0, 0x64, 0x6C, 0x65, 0x60, 0xA4, 0xD7, 0x30, 0xE4, 0xB5, 0x6E, 0x1B, 0x59,
 0x4D, 0x55, 0xAF, 0x08, 0xD5, 0x06, 0x92, 0x96, 0x9A, 0x96, 0xD1, 0xD1, 0xE5, 0x8A, 0x85, 0x64,
 0xA2, 0xAD, 0x26, 0xF9, 0x0D, 0x44, 0x93, 0x92, 0x6A, 0x49, 0x1A, 0xE6, 0x90, 0xC3, 0x95, 0x84,
 0xE7, 0xB8, 0x8C, 0x28, 0x3C, 0x97, 0x9E, 0x11, 0xCB, 0x05, 0x41, 0xC4, 0x9C, 0x90, 0xF6, 0x24,
 0xE6, 0x8A, 0x22, 0x8C, 0x0A, 0x0D, 0x41, 0x16, 0x24, 0x2E, 0x2F, 0x08, 0xCF, 0xA5, 0xAA, 0x54,
 0x45, 0x95, 0x65, 0x64, 0x25, 0x99, 0x74, 0xA9, 0xAA, 0x02, 0x36, 0xAA, 0xE4, 0xC5, 0x6C, 0xC9,
 0x5C, 0xCD, 0xE5, 0xB3, 0x05, 0x2E, 0x71, 0xC8, 0xC2, 0x8D, 0x0E, 0xE8, 0xD0, 0xE1, 0x0E, 0x2C,
 0x24, 0xD2, 0x89, 0x03, 0xAA, 0x64, 0x19, 0xB6, 0xA1, 0x38, 0xDC, 0x7F, 0xA2, 0xDF, 0x60, 0x35,
 0x91, 0xB6, 0x91, 0x6E, 0x67, 0x6C, 0x6C, 0xA9, 0x4A, 0x55, 0xC3, 0x8E, 0x03, 0x8C, 0xDB, 0x26,
 0x92, 0x88, 0x1C, 0x42, 0xAF, 0xD1, 0x71, 0x1C, 0x43, 0x07, 0xDB, 0x9A, 0x1D, 0x27, 0x6D, 0x63,
 0x0D, 0x4B, 0x4E, 0x97, 0x12, 0x50, 0xF5, 0x16, 0x40, 0x38, 0xDE, 0x82, 0x2E, 0x93, 0xB8, 0x92,
 0x37, 0x57, 0x39, 0xDB, 0xD0, 0x54, 0x99, 0x63, 0x1C, 0x11, 0xF5, 0xA7, 0xC2, 0x52, 0xCF, 0x88,
 0x45, 0xB1, 0x21, 0xCE, 0xC5, 0xB0, 0xED, 0xE9, 0x8C, 0xA8, 0xA3, 0x63, 0x57, 0xCA, 0xE6, 0x6A,
 0xD5, 0x44, 0xB2, 0x4C, 0xB8, 0x98, 0x05, 0xA4, 0x79, 0x01, 0x06, 0xA4, 0x8E, 0x65, 0x03, 0x94,
 0x69, 0xA8, 0xE0, 0x85, 0x96, 0x47, 0xBA, 0xD2, 0x32, 0x96, 0xB1, 0xE5, 0x31, 0x90, 0x09, 0xE3,
 0x65, 0xD6, 0x4C, 0x79, 0xEB, 0xB2, 0xA6, 0xA5, 0x82, 0x1D, 0xD6, 0xBA, 0x61, 0x6E, 0xF2, 0x72,
 0x51, 0x29, 0x95, 0xAA, 0x23, 0xC0, 0x33, 0xC5, 0x82, 0x34, 0x27, 0xF9, 0xA2, 0x67, 0x89, 0xCD,
 0xBB, 0x61, 0xB4, 0x64, 0x20, 0x15, 0x01, 0x29, 0xA3, 0xD9, 0x86, 0xD8, 0xF0, 0x41, 0xC0, 0x2F,
 0x46, 0x20, 0xE0, 0x7D, 0x0C, 0x40, 0x2E, 0x0A, 0xA5, 0x52, 0x2F, 0x8B, 0x4C, 0xB3, 0xDB, 0x56,
 0xF5, 0x4C, 0x0B, 0xAB, 0xCD, 0x16, 0x98, 0x4D, 0x10, 0x96, 0x5B, 0x81, 0xE0, 0x79, 0x11, 0x84,
 0x96, 0x55, 0xDB, 0xD4, 0xD0, 0x5A, 0xA5, 0x69, 0xA9, 0x72, 0x95, 0xFC, 0x00, 0x7D, 0xB5, 0x61,
 0xC4, 0xC1, 0x04, 0x57, 0xA7, 0xAD, 0xDB, 0x15, 0x40, 0xD0, 0x46, 0xAB, 0x49, 0xB1, 0x08, 0x4A,
 0x4A, 0x17, 0xCA, 0xF0, 0x33, 0xC5, 0x79, 0x63, 0x45, 0x81, 0x8C, 0xE5, 0x15, 0x2B, 0x18, 0x09,
 0xAF, 0xAA, 0x36, 0x91, 0x59, 0xC9, 0x83, 0xA3, 0xF4, 0x48, 0x3E, 0x00, 0x2D, 0x52, 0xFC, 0x0C,
 0x6D, 0x25, 0x9F, 0x2B, 0x56, 0x89, 0x69, 0x32, 0x48, 0x53, 0x9B, 0x7A, 0x85, 0xE8, 0x12, 0x5B,
 0xD5, 0x18, 0x05, 0x53, 0x8F, 0x23, 0xAE, 0x8F, 0x2B, 0x22, 0x31, 0x13, 0x7D, 0x5D, 0x61, 0x02,
 0x95, 0x05, 0x21, 0xEA, 0x54, 0x59, 0xA1, 0x88, 0xDB, 0xBD, 0xAC, 0xED, 0x80, 0x1D, 0xBA, 0xBE,
 0x74, 0x8A, 0x86, 0x01, 0x10, 0x7E, 0x64, 0x64, 0xD5, 0x02, 0x27, 0x53, 0xC1, 0xB0, 0x8C, 0x0F,
 0xCA, 0x23, 0xB8, 0x43, 0x2F, 0x4B, 0x83, 0x3B, 0x6C, 0x3E, 0xE2, 0x5D, 0xC8, 0x1A, 0x86, 0x50,
 0xBE, 0x2C, 0xC8, 0xB8, 0x99, 0xB6, 0x9A, 0x0D, 0x94, 0x14, 0x4B, 0xA5, 0xB4, 0xFF, 0x5F, 0x16,
 0x54, 0x9D, 0x8A, 0x1B, 0x16, 0x4B, 0x29, 0xDF, 0x30, 0x93, 0x5C, 0x77, 0xA2, 0x57, 0x52, 0x8F,
 0xA4, 0x31, 0xDF, 0x42, 0xB2, 0xB1, 0x52, 0x11, 0xA8, 0x8F, 0x72, 0x22, 0x68, 0x93, 0xA3, 0xA4,
 0x84, 0x34, 0xF9, 0x27, 0x2B, 0xA6, 0x3C, 0xCE, 0xB9, 0x96, 0x18, 0x24, 0x02, 0x4E, 0xF0, 0x3C,
 0x7A, 0x53, 0x6D, 0xE6, 0x0B, 0x44, 0x6C, 0xCB, 0x58, 0xE9, 0x4E, 0xE1, 0x04, 0x79, 0x62, 0x69,
 0x0E, 0x2C, 0xCD, 0xA1, 0x8E, 0x63, 0xF8, 0x5A, 0xAB, 0x52, 0xE3, 0x65, 0x54, 0x58, 0x6E, 0xFB,
 0x26, 0xF4, 0x98, 0x20, 0x61, 0x25, 0x50, 0xF4, 0x59, 0x67, 0xC5, 0xE8, 0x3E, 0x01, 0x6B, 0x2F,
 0x4B, 0x93, 0xE5, 0x88, 0x5F, 0xD3, 0x11, 0x10, 0x6F, 0x19, 0x41, 0x9A, 0xA4, 0x6E, 0x4C, 0x2B,
 0x41, 0xA5, 0x40, 0x44, 0x0B, 0xB9, 0x8E, 0x45, 0x5C, 0xC1, 0x93, 0x75, 0x46, 0x29, 0x2A, 0x0D,
 0xA5, 0xDC, 0x63, 0xB9, 0x84, 0x25, 0x96, 0xC3, 0xA4, 0x5A, 0xD5, 0x4C, 0x64, 0xDB, 0x2B, 0xA0,
 0xEE, 0x23, 0xE1, 0x41, 0x82, 0xE5, 0x48, 0x97, 0xA1, 0x25, 0x09, 0x6F, 0xDC, 0x5A, 0x33, 0xC5,
 0xD9, 0x92, 0x50, 0x94, 0x47, 0x93, 0x0C, 0x2A, 0xE4, 0x45, 0x65, 0xCB, 0x49, 0x86, 0xBC, 0x1B,
 0x1D, 0x87, 0xD6, 0x0C, 0xDD, 0xD0, 0x71, 0x2F, 0xC4, 0x88, 0x05, 0xF5, 0x13, 0x8F, 0x70, 0xC2,
 0xEC, 0x15, 0x9B, 0x71, 0x42, 0x70, 0x8A, 0xAA, 0x8D, 0x82, 0xC5, 0x29, 0xD0, 0x5E, 0x51, 0x1D,
 0xA9, 0xD5, 0x3D, 0xDA, 0xB1, 0x1D, 0x55, 0x59, 0x83, 0x5C, 0xAC, 0x29, 0x15, 0xAC, 0xCB, 0x55,
 0xD3, 0xB0, 0x55, 0x1A, 0x0A, 0x16, 0x06, 0xAB, 0xA8, 0xCB, 0xB8, 0xCA, 0x10, 0x15, 0x81, 0xDB,
 0xAA, 0x97, 0x32, 0xC4, 0x22, 0x71, 0x12, 0x86, 0x81, 0xA3, 0x84, 0x03, 0x6F, 0xA1, 0x32, 0xF8,
 0x53, 0x10, 0x7E, 0x7A, 0x37, 0x40, 0x88, 0x1A, 0xA0, 0x3D, 0xA0, 0x5E, 0x55, 0x75, 0x28, 0xFC,
 0xA3, 0x95, 0x69, 0xA6, 0xD8, 0x28, 0x95, 0x4A, 0x62, 0x44, 0x59, 0x73, 0x73, 0x21, 0x3A, 0x04,
 0x59, 0xA5, 0x81, 0x15, 0xC3, 0xC2, 0x5D, 0xAF, 0x27, 0xA8, 0x24, 0x12, 0xD5, 0x71, 0xF4, 0x9E,
 0xE0, 0xE5, 0x21, 0xBF, 0xF4, 0x59, 0xC3, 0x8A, 0x53, 0x29, 0x10, 0x2F, 0x31, 0x4C, 0xFA, 0x7B,
 0x94, 0x56, 0x89, 0x18, 0x3A, 0xC4, 0x90, 0x2C, 0x41, 0xC9, 0x2E, 0x54, 0x1D, 0x30, 0x82, 0x47,
 0x20, 0x9B, 0x2F, 0xD9, 0xA3, 0x52, 0x57, 0xA0, 0xC2, 0x49, 0x4B, 0x58, 0x7E, 0x91, 0x0A, 0x3A,
 0x22, 0x4E, 0xA9, 0x21, 0x23, 0xBC, 0xC9, 0x6A, 0x5F, 0x12, 0x8A, 0x1F, 0x9E, 0xDA, 0x15, 0xFA,
 0x44, 0x02, 0xE1, 0xF7, 0x49, 0x11, 0x92, 0x30, 0xF1, 0x71, 0xE8, 0x81, 0x20, 0x41, 0x4E, 0x99,
 0xAF, 0x48, 0xE6, 0x26, 0x30, 0x32, 0x36, 0xDE, 0xB6, 0x90, 0xD9, 0x1D, 0x37, 0x64, 0x98, 0x41,
 0xA1, 0x24, 0xEC, 0x16, 0x66, 0x63, 0x5C, 0xBB, 0x20, 0x14, 0xE6, 0x0A, 0xB3, 0x31, 0x5E, 0x4B,
 0x4A, 0x9E, 0xA2, 0x41, 0xD6, 0x69, 0xA9, 0xB2, 0x8C, 0xF5, 0x6A, 0xA8, 0x84, 0x14, 0x48, 0xC4,
 0x56, 0x91, 0x6D, 0x02, 0x57, 0x00, 0x02, 0x54, 0x2B, 0xC5, 0x5C, 0x01, 0x82, 0x7E, 0xD5, 0x8B,
 0xCE, 0x39, 0x92, 0xFA, 0xAB, 0x21, 0x8F, 0x0C, 0x92, 0x12, 0x4D, 0x1C, 0xBD, 0x19, 0xDB, 0xB1,
 0x30, 0x6A, 0x87, 0x7D, 0x76, 0x58, 0x9D, 0x9E, 0xAB, 0x1A, 0x8D, 0xA3, 0x04, 0xB3, 0xA2, 0x82,
 0x0E, 0xC1, 0xF2, 0x48, 0xD5, 0x83, 0x12, 0xD5, 0xD0, 0x0C, 0x69, 0xA9, 0x47, 0xCA, 0x5F, 0x13,
 0xC7, 0xB8, 0x9A, 0xC5, 0x90, 0x14, 0x3D, 0xB3, 0xD3, 0x87, 0x70, 0x43, 0x44, 0x92, 0x66, 0xBE,
 0x9C, 0x16, 0x8B, 0x69, 0x51, 0x4C, 0x67, 0x77, 0x97, 0x53, 0x71, 0x1A, 0x91, 0x8A, 0xE5, 0x62,
 0x71, 0x93, 0x38, 0x2E, 0x93, 0x74, 0x25, 0xC6, 0xE5, 0x9F, 0x48, 0x59, 0xF2, 0xF8, 0xE4, 0xEC,
 0x36, 0xD2, 0xB4, 0xEE, 0x88, 0x08, 0x7E, 0xAA, 0x92, 0x77, 0xE3, 0xA2, 0xAC, 0x8C, 0x00, 0xEE,
 0x66, 0x80, 0x11, 0x47, 0x88, 0x49, 0xB2, 0x7E, 0xFE, 0x0D, 0x09, 0xC8, 0x62, 0x9E, 0xB5, 0xA8,
 0x4F, 0x55, 0x76, 0x28, 0x07, 0x5C, 0xB6, 0x49, 0x2A, 0x03, 0xA1, 0x5F, 0xC9, 0xF7, 0xB2, 0x12,
 0xB2, 0x64, 0x7B, 0x9A, 0x3A, 0x61, 0x61, 0x13, 0x23, 0x27, 0x59, 0xA0, 0x4D, 0x01, 0x73, 0x56,
 0x8A, 0x92, 0x20, 0xE8, 0xEE, 0x38, 0xB7, 0xC4, 0x12, 0xE1, 0xFE, 0x46, 0x0C, 0x68, 0x71, 0xAD,
 0x42, 0xB8, 0x1C, 0x96, 0xFD, 0xC6, 0x81, 0x55, 0x3E, 0x31, 0x52, 0x1C, 0xFD, 0x4C, 0xD9, 0x50,
 0x9B, 0xDD, 0x50, 0xBB, 0x21, 0x46, 0xDA, 0x8D, 0x39, 0x62, 0x1E, 0xD8, 0xB9, 0x40, 0xA4, 0x7A,
 0x14, 0x23, 0x36, 0x98, 0x11, 0x1B, 0x85, 0x42, 0x41, 0x88, 0xC9, 0x6D, 0xE3, 0x31, 0xC5, 0x98,
 0xDB, 0xCD, 0xCA, 0x24, 0x45, 0xCA, 0x92, 0xE8, 0xA8, 0xAF, 0x84, 0x63, 0x63, 0x93, 0xDE, 0x64,
 0x8E, 0xB6, 0x26, 0x23, 0x65, 0x22, 0x3D, 0x53, 0x2E, 0x28, 0x42, 0x43, 0x4A, 0x79, 0xC1, 0xE8,
 0x53, 0xA1, 0x2D, 0x27, 0x17, 0x4D, 0x63, 0x9B, 0x21, 0xA4, 0x2D, 0x69, 0x1A, 0xB6, 0x22, 0x65,
 0xA9, 0x84, 0x40, 0x4B, 0x88, 0x26, 0xA4, 0x6D, 0xBA, 0x03, 0xED, 0xB5, 0x98, 0x0E, 0xA2, 0x95,
 0xC4, 0x41, 0x4E, 0xC7, 0xEE, 0x4E, 0x6C, 0x5A, 0xC2, 0x31, 0xE2, 0x18, 0xC8, 0x76, 0x86, 0x49,
 0x40, 0x51, 0x57, 0xB1, 0xCC, 0xD2, 0x3E, 0x4D, 0xEE, 0x06, 0x34, 0xCA, 0x6D, 0x66, 0xBF, 0xD8,
 0xAC, 0x9B, 0x29, 0x91, 0xCD, 0xCD, 0x68, 0xAB, 0x0E, 0x7B, 0x3C, 0x71, 0x92, 0x23, 0xFA, 0x7C,
 0x6C, 0x1E, 0x38, 0x1C, 0xCD, 0x39, 0x06, 0x69, 0x44, 0x9D, 0x35, 0x28, 0x7A, 0x23, 0x05, 0xA5,
 0x6C, 0x7B, 0x5C, 0x67, 0xED, 0x16, 0x04, 0x96, 0xBF, 0x2A, 0xDF, 0xFB, 0xB7, 0x36, 0x86, 0xAD,
 0x5A, 0x72, 0x98, 0x41, 0xF3, 0xB4, 0x2B, 0x4A, 0x75, 0x69, 0xF7, 0x3E, 0xA1, 0x6F, 0x52, 0xAC,
 0x21, 0xE5, 0xE2, 0x84, 0x06, 0x3B, 0xA8, 0x2A, 0x4C, 0xA6, 0x4C, 0x10, 0xC6, 0x13, 0x71, 0xB2,
 0x6E, 0x70, 0x9A, 0x06, 0xB0, 0xD7, 0x23, 0x3B, 0xEA, 0x9C, 0xB7, 0xA5, 0x9E, 0xCF, 0xB1, 0x0D,
 0xFF, 0x3C, 0xD9, 0x8E, 0xC2, 0xAF, 0x36, 0xA4, 0x6D, 0x4E, 0xD2, 0xA0, 0xE3, 0xAA, 0x25, 0x40,
 0x08, 0xB6, 0x57, 0x67, 0x2C, 0x6E, 0xBE, 0x59, 0xF7, 0xD6, 0x90, 0xE5, 0xC8, 0x86, 0xF2, 0xE6,
 0x23, 0xA1, 0xDD, 0x7C, 0x82, 0xED, 0xDD, 0xE7, 0x6D, 0x56, 0x10, 0xFD, 0x39, 0x9A, 0x43, 0x12,
 0xF5, 0xF9, 0x96, 0x58, 0xDF, 0xB8, 0x71, 0x6D, 0xE3, 0xEA, 0xF1, 0x8D, 0xEB, 0xBF, 0x0E, 0x1E,
 0x5E, 0x07, 0x64, 0x62, 0x7D, 0x5E, 0x56, 0x97, 0xFD, 0x75, 0x20, 0x1A, 0x07, 0x9D, 0x28, 0xAC,
 0xD4, 0x50, 0x03, 0x6B, 0xF5, 0xFE, 0x17, 0xBF, 0x0E, 0xAE, 0xDC, 0x63, 0x20, 0xF3, 0x39, 0x36,
 0x36, 0xCF, 0xFA, 0x46, 0x4E, 0x95, 0x6B, 0x09, 0x72, 0xA4, 0xD1, 0x41, 0x4D, 0x0C, 0x00, 0x86,
 0x49, 0x09, 0xD2, 0x46, 0x94, 0x9C, 0x72, 0x24, 0xEA, 0xEB, 0x77, 0xAE, 0xF5, 0x2F, 0x9E, 0x9A,
 0xCF, 0xB1, 0x99, 0xE8, 0x0A, 0xA2, 0xA1, 0x44, 0x7D, 0xE3, 0xD4, 0xFF, 0xB8, 0x67, 0xAF, 0x0E,
 0xD7, 0xE4, 0x18, 0x72, 0x78, 0x00, 0xAE, 0xE8, 0x2B, 0x95, 0xE3, 0xC9, 0x52, 0x5D, 0xFF, 0xD5,
 0xBD, 0x72, 0xCA, 0x3D, 0xFD, 0xF9, 0xC6, 0xE5, 0xAB, 0x63, 0x52, 0x41, 0xAA, 0x86, 0x55, 0x24,
 0x9A, 0x43, 0xBA, 0x82, 0x30, 0x4A, 0xD4, 0xF3, 0x40, 0x01, 0x86, 0x47, 0x27, 0x49, 0x52, 0x4F,
 0xD4, 0xDD, 0xEB, 0xDF, 0xF7, 0x4F, 0xFF, 0x32, 0xF8, 0xDF, 0x1B, 0xFE, 0x12, 0xB6, 0xB3, 0xA4,
 0x62, 0x5B, 0x58, 0xB1, 0xB0, 0x0D, 0x22, 0xBA, 0xA7, 0x7F, 0xE9, 0x5F, 0x04, 0x9B, 0xB0, 0x39,
 0x9F, 0x6B, 0xD3, 0xC7, 0x44, 0x53, 0x26, 0xAC, 0x7A, 0xF8, 0xA9, 0x7B, 0xE6, 0xDC, 0xFA, 0x9D,
 0x7B, 0xEE, 0xB9, 0xCF, 0x18, 0xA3, 0x81, 0x39, 0xFF, 0x79, 0xFC, 0xE4, 0xC2, 0xA1, 0x97, 0x38,
 0xF7, 0xCA, 0xDF, 0x36, 0x6E, 0xFD, 0xD0, 0xFF, 0xFC, 0xF6, 0xFA, 0x83, 0x3F, 0x31, 0x95, 0xB8,
 0x0F, 0x8E, 0xBB, 0x9F, 0xDC, 0x78, 0xFC, 0xFE, 0x39, 0x30, 0xD3, 0xE0, 0xBD, 0x6B, 0x83, 0x93,
 0x77, 0x61, 0xE9, 0x7C, 0xCE, 0xDC, 0x82, 0x4E, 0x02, 0xE7, 0x71, 0x4F, 0x5F, 0x72, 0x7F, 0xFC,
 0xD0, 0xFD, 0xE8, 0xA2, 0x7B, 0xFE, 0x64, 0xFF, 0xB3, 0x9B, 0x54, 0x3F, 0x14, 0x18, 0xC0, 0x37,
 0x31, 0xBE, 0x7B, 0xFA, 0x83, 0x8D, 0x5F, 0xAF, 0x0E, 0x3E, 0x3E, 0x15, 0x67, 0x79, 0xC5, 0x42,
 0x6D, 0x4C, 0x2A, 0xC0, 0x98, 0xE9, 0xF3, 0x42, 0xA2, 0x3E, 0x5B, 0x14, 0x56, 0x8B, 0x65, 0x61,
 0x92, 0xED, 0xF3, 0xF9, 0x44, 0x1D, 0xEA, 0xFF, 0xEA, 0xAC, 0x30, 0x79, 0x89, 0x08, 0xD6, 0x11,
 0xC4, 0xE2, 0xEA, 0xEE, 0xD9, 0xF2, 0xC4, 0x35, 0x05, 0x58, 0x23, 0x96, 0x85, 0xD5, 0xDD, 0xE2,
 0x64, 0x3C, 0x45, 0x6F, 0x0D, 0x41, 0x36, 0x71, 0x51, 0x09, 0x16, 0x01, 0x33, 0xAB, 0x50, 0x1C,
 0x85, 0x49, 0xCE, 0x38, 0x85, 0xC6, 0x06, 0x0F, 0x2E, 0x0E, 0xBE, 0x3B, 0xD1, 0xBF, 0x7A, 0xD9,
 0x7D, 0x70, 0x3E, 0xAA, 0x34, 0xC8, 0xE3, 0xA8, 0xA1, 0x61, 0xD9, 0xA7, 0x5D, 0x3F, 0xF0, 0xFA,
 0xC1, 0xFD, 0xAF, 0x6E, 0x8D, 0x58, 0x40, 0x68, 0xE3, 0xD6, 0xD5, 0xC7, 0xA7, 0x86, 0x24, 0x68,
 0x3F, 0x4D, 0xCD, 0xF2, 0x87, 0x0E, 0x34, 0x42, 0xCE, 0x5A, 0x82, 0xA3, 0x3B, 0x9F, 0x04, 0xDD,
 0x32, 0x25, 0xC8, 0xB9, 0x43, 0x2D, 0x51, 0x84, 0xDF, 0x68, 0xB5, 0x96, 0x28, 0x08, 0x91, 0x60,
 0xA0, 0x4A, 0x48, 0x70, 0x32, 0x72, 0x50, 0x06, 0x8A, 0xC0, 0x10, 0x49, 0xDD, 0x77, 0xFD, 0x69,
 0x58, 0xFA, 0xFD, 0xBE, 0xDF, 0xBE, 0x11, 0xC3, 0xD0, 0xAA, 0xA4, 0x2D, 0x2D, 0xB6, 0x5B, 0xEF,
 0xC6, 0x71, 0x54, 0xF2, 0x38, 0x12, 0x8B, 0x4F, 0xE2, 0x28, 0xC0, 0x32, 0x0D, 0x4B, 0x11, 0x93,
 0x7C, 0xEA, 0x7E, 0xF0, 0xB3, 0x7B, 0xE7, 0x47, 0xEA, 0xF8, 0x31, 0x7E, 0xDC, 0x58, 0x94, 0xA0,
 0xBA, 0x39, 0x81, 0x1B, 0x93, 0x9C, 0x30, 0xEA, 0x25, 0x75, 0x71, 0x6C, 0xA4, 0x30, 0x36, 0x52,
 0x7C, 0x2A, 0xB7, 0xA1, 0x3C, 0x7E, 0x74, 0xEF, 0x89, 0x3E, 0x73, 0x70, 0xE1, 0xDF, 0x5F, 0x3A,
 0xB0, 0x05, 0x4A, 0x5E, 0x17, 0x92, 0x18, 0xC9, 0x5E, 0x9A, 0x81, 0xE4, 0x7D, 0x86, 0xAE, 0xA8,
 0x4D, 0xC8, 0xBF, 0x37, 0xEE, 0xBB, 0xE7, 0x83, 0xBC, 0xE0, 0xA7, 0xB1, 0xD0, 0x62, 0x1B, 0x2D,
 0x63, 0x6F, 0x71, 0x90, 0x62, 0xD8, 0x29, 0x1E, 0x24, 0xF8, 0x47, 0x97, 0xDC, 0x6B, 0x5F, 0xB8,
 0x77, 0x6F, 0xBB, 0xF7, 0x2E, 0x0C, 0x2E, 0x5C, 0x8D, 0x85, 0x97, 0x90, 0xE9, 0x74, 0x2C, 0xC8,
 0x12, 0xFD, 0xB3, 0x9F, 0xF6, 0x3F, 0x3C, 0x17, 0x49, 0x95, 0x2C, 0x85, 0x4D, 0x9D, 0xD1, 0x06,
 0x8F, 0xEE, 0x6F, 0x3C, 0xFC, 0xEB, 0xFA, 0x9D, 0x8F, 0xFB, 0xFF, 0xF8, 0x70, 0xE3, 0xC6, 0x67,
 0x9B, 0x24, 0xB2, 0x61, 0x05, 0xBB, 0x79, 0xCB, 0xBD, 0xFB, 0xF7, 0xC7, 0x9F, 0x7D, 0x0D, 0xA9,
 0x70, 0xA8, 0x5E, 0xE6, 0x42, 0xEC, 0x17, 0x1D, 0x0B, 0x0A, 0x03, 0xDD, 0xA0, 0x26, 0xC2, 0x1E,
 0xDC, 0x6A, 0xAB, 0x96, 0x65, 0x58, 0xBE, 0x03, 0xD3, 0x5D, 0x6B, 0xC3, 0x58, 0x4D, 0x44, 0xD0,
 0xF8, 0xB8, 0xA7, 0x89, 0x15, 0xF7, 0x9B, 0x93, 0x83, 0xAF, 0x6E, 0x31, 0x69, 0xB6, 0xC7, 0xD4,
 0xB2, 0xA2, 0xA9, 0xE6, 0x4E, 0xB2, 0xB4, 0x71, 0xE6, 0xE7, 0xFE, 0xA5, 0xCB, 0xBE, 0x5E, 0xB7,
 0xC3, 0x12, 0xED, 0x49, 0x49, 0xA9, 0xDD, 0x32, 0x57, 0x23, 0x0E, 0x30, 0x9F, 0xA3, 0x5D, 0x0D,
 0xBB, 0x8D, 0x18, 0xF5, 0x04, 0xD6, 0xAA, 0xF9, 0x2D, 0x4E, 0x48, 0x90, 0x60, 0x97, 0x4F, 0x18,
 0x6A, 0x37, 0x99, 0xE3, 0xD2, 0x2D, 0x74, 0x82, 0x43, 0x9A, 0x43, 0xBC, 0xB0, 0x8D, 0x2D, 0xC4,
 0x79, 0x63, 0x91, 0xE6, 0x40, 0xA6, 0xFD, 0x0B, 0xCD, 0x3F, 0x34, 0x23, 0x98, 0x10, 0x2F, 0x02,
 0xF7, 0xCA, 0xC1, 0x85, 0xA0, 0x39, 0x20, 0xFB, 0x53, 0x26, 0x23, 0xD9, 0x6F, 0x24, 0xEA, 0x99,
 0x4C, 0x85, 0xFE, 0x0B, 0x0B, 0xC8, 0x54, 0xD0, 0xAD, 0x0C, 0x25, 0x9A, 0xA6, 0xFB, 0xF0, 0x30,
 0x92, 0xAD, 0xC4, 0x3E, 0x96, 0x82, 0xB6, 0xD9, 0x8E, 0x38, 0x46, 0xB3, 0xA9, 0xE1, 0x05, 0x4F,
 0xE0, 0x68, 0x94, 0xBA, 0x27, 0xBE, 0xEE, 0x5F, 0xFB, 0x3E, 0x36, 0x38, 0x57, 0x54, 0x45, 0xDD,
 0xEB, 0xE8, 0x89, 0xFA, 0xDB, 0xEA, 0x2B, 0x2A, 0xC7, 0x9A, 0x8D, 0xD8, 0x85, 0x86, 0x83, 0xE8,
 0xBA, 0xB7, 0x48, 0xAF, 0x72, 0xEE, 0xD4, 0xE0, 0xDE, 0x8F, 0xB1, 0xCB, 0x2C, 0xDC, 0x30, 0x0C,
 0x87, 0xAC, 0xF4, 0xB9, 0x20, 0xDB, 0xA2, 0x44, 0xFD, 0xF1, 0xA9, 0x73, 0xD0, 0xCC, 0xB0, 0xD6,
 0x67, 0x02, 0xA0, 0x8D, 0x47, 0xE0, 0xC0, 0x2A, 0x14, 0x0C, 0x18, 0x8A, 0xB2, 0x15, 0xAF, 0x65,
 0xDA, 0xB5, 0x27, 0xE2, 0xBC, 0x9C, 0xCC, 0x90, 0xF4, 0x51, 0xA8, 0x0F, 0xFE, 0x7E, 0x7F, 0x70,
 0xFF, 0xDB, 0xC1, 0xD9, 0xDB, 0xFD, 0xE3, 0x27, 0x20, 0x77, 0x14, 0xA8, 0x1F, 0xD4, 0xDD, 0x0F,
 0xDE, 0x87, 0x2C, 0xC6, 0xCD, 0x37, 0x58, 0xB4, 0x63, 0x64, 0x1E, 0xC2, 0xAB, 0x0E, 0x31, 0x32,
 0xD0, 0xF4, 0x4D, 0x1B, 0xC2, 0xC7, 0xB6, 0xA1, 0x4C, 0xB0, 0xA1, 0xD7, 0x10, 0xB8, 0xBD, 0xD4,
 0xD2, 0xE1, 0x02, 0x45, 0x09, 0xD0, 0xA4, 0xED, 0xE3, 0x37, 0x6D, 0x68, 0x9C, 0xA6, 0x20, 0x10,
 0xC6, 0x4D, 0x61, 0xE2, 0x91, 0x47, 0x3A, 0xCD, 0xFE, 0x9D, 0x9F, 0xDC, 0x7B, 0x7F, 0xE1, 0x86,
 0xA0, 0x64, 0x8B, 0x32, 0xA4, 0x46, 0x81, 0xB9, 0x63, 0xDC, 0xBE, 0x83, 0xBF, 0x0B, 0xAD, 0x91,
 0xCC, 0x4E, 0x64, 0xC9, 0x98, 0x3F, 0x4F, 0xD2, 0x68, 0xD0, 0x62, 0x06, 0xEA, 0x0C, 0x0C, 0x48,
 0x0A, 0x46, 0xD0, 0x28, 0x2E, 0x40, 0xA3, 0xE8, 0xD3, 0xE0, 0xDE, 0xD8, 0x1B, 0x52, 0x0E, 0x94,
 0x05, 0x28, 0xCE, 0x24, 0xDA, 0x7C, 0x0D, 0x41, 0xAC, 0xBE, 0x42, 0x42, 0x70, 0x6A, 0xF5, 0x40,
 0xC0, 0x4E, 0xA7, 0x1C, 0x4A, 0x6A, 0xE3, 0xF8, 0xE7, 0xD0, 0x67, 0x87, 0xC4, 0xA7, 0x0C, 0x1E,
 0xB0, 0xC3, 0x1A, 0x6A, 0xDB, 0x53, 0x6B, 0xC0, 0xBD, 0xF3, 0x17, 0xF7, 0xFA, 0xC3, 0xC9, 0xE2,
 0x37, 0x90, 0x2E, 0xD3, 0x2D, 0x2B, 0xC3, 0x3F, 0x94, 0xFB, 0xE3, 0xAB, 0xFD, 0x7F, 0x9C, 0x08,
 0xCB, 0x6D, 0x63, 0x5D, 0xDE, 0x9A, 0xE0, 0x04, 0x62, 0x2A, 0xC9, 0x5F, 0x3B, 0x18, 0x92, 0x57,
 0x35, 0xE3, 0xAD, 0x3D, 0x0E, 0x46, 0xB3, 0xC2, 0xFA, 0xA3, 0xCB, 0xEE, 0xF9, 0x5F, 0x02, 0x26,
 0xD5, 0xA6, 0x8E, 0xB4, 0x18, 0xFF, 0x0D, 0x67, 0x73, 0xEF, 0x71, 0x34, 0xAD, 0x6F, 0x67, 0xAF,
 0x3A, 0xB8, 0x70, 0xFF, 0xF1, 0xA5, 0xEF, 0x37, 0x6E, 0xBE, 0xB7, 0x71, 0xF6, 0xE4, 0x34, 0xC5,
 0x7E, 0xFD, 0xDE, 0x75, 0x70, 0xFF, 0x98, 0x2E, 0xB4, 0x41, 0xCF, 0x1F, 0x75, 0x6C, 0xDB, 0x71,
 0x7D, 0x68, 0x46, 0xF4, 0x1B, 0xD1, 0x27, 0xF5, 0xA1, 0x21, 0x3C, 0x5B, 0x6A, 0x8E, 0xDD, 0x1B,
 0x77, 0xFB, 0x37, 0x2E, 0xC4, 0xF3, 0x46, 0x8E, 0x70, 0x2D, 0x64, 0x3B, 0x4F, 0xC7, 0x59, 0x80,
 0x65, 0x4B, 0x7C, 0x3D, 0xFE, 0xE1, 0x6F, 0xEE, 0x7F, 0x7F, 0x14, 0xCF, 0x97, 0x0D, 0x45, 0x8A,
 0x1E, 0x5E, 0xEB, 0x4F, 0xC7, 0x59, 0x08, 0xCF, 0xD6, 0x78, 0xBB, 0xF0, 0xC9, 0x04, 0xC6, 0x5A,
 0xC8, 0x32, 0x9F, 0xDE, 0x96, 0x43, 0x34, 0x31, 0x6C, 0x6D, 0xA1, 0x27, 0xFD, 0xF2, 0x21, 0x34,
 0x98, 0x1B, 0x97, 0x2F, 0x4F, 0xE3, 0xA0, 0x6C, 0x6F, 0xCF, 0xBD, 0xF4, 0xF6, 0xDE, 0xED, 0xF5,
 0x58, 0x68, 0xA5, 0xB1, 0x93, 0x4D, 0x1F, 0xF0, 0xC1, 0xB9, 0xDF, 0x7F, 0x33, 0xF8, 0xEA, 0xEC,
 0xB6, 0xD9, 0x59, 0x6C, 0x22, 0x55, 0xDF, 0x01, 0x9E, 0x46, 0x36, 0x44, 0xC0, 0x56, 0xFC, 0x26,
 0x9A, 0x36, 0x2D, 0x8D, 0xC5, 0xB6, 0x21, 0x8F, 0x9F, 0x3B, 0x08, 0xE3, 0xA7, 0x49, 0x91, 0x5D,
 0x3E, 0x94, 0x80, 0x2F, 0x6F, 0xB9, 0x57, 0x7E, 0x9A, 0xB4, 0x00, 0x5C, 0xE6, 0xF1, 0x17, 0x9B,
 0x2D, 0x28, 0x40, 0x37, 0x75, 0xF6, 0x1B, 0xF7, 0xFD, 0xBF, 0xBA, 0xD7, 0xAF, 0x4C, 0x5A, 0x53,
 0x24, 0xBD, 0x1A, 0xEC, 0x88, 0xAE, 0x6D, 0xBA, 0x4D, 0xDB, 0xC2, 0x29, 0xCE, 0x57, 0x97, 0xDC,
 0xF7, 0xCF, 0x4C, 0xEF, 0x5C, 0xFE, 0xFA, 0x6D, 0xD9, 0x13, 0x4B, 0x3B, 0xEA, 0x5E, 0xFB, 0xF7,
 0x71, 0x2F, 0x2F, 0x1C, 0xDC, 0x36, 0x2F, 0xE2, 0x4E, 0x32, 0xC3, 0xF4, 0xB2, 0x71, 0xF9, 0x07,
 0xF7, 0xC4, 0xA3, 0x98, 0xA4, 0x82, 0xF0, 0xA2, 0x86, 0x97, 0x41, 0xE9, 0x4F, 0x95, 0x53, 0x02,
 0x2C, 0x5B, 0xCA, 0x74, 0x8C, 0x35, 0xF7, 0xF8, 0x83, 0x58, 0xBE, 0xA4, 0x45, 0x8F, 0xCC, 0x38,
 0x63, 0x82, 0xC7, 0x17, 0x39, 0xB6, 0x7A, 0x32, 0x6B, 0x3E, 0xA2, 0xA7, 0x4A, 0x77, 0x7E, 0xBA,
 0x98, 0xD6, 0x1D, 0x9F, 0x2A, 0xBD, 0x34, 0x77, 0xD6, 0x1D, 0x5F, 0xDD, 0x17, 0xCD, 0x76, 0x23,
 0xB4, 0x46, 0x52, 0x59, 0x9C, 0x9A, 0x9F, 0x7C, 0x72, 0x16, 0x60, 0xD9, 0xF2, 0x39, 0x15, 0x63,
 0x6C, 0xFD, 0xCE, 0xD9, 0xC7, 0x5F, 0x7E, 0x12, 0x97, 0xF5, 0x08, 0x56, 0x09, 0xAB, 0x9A, 0xAA,
 0x37, 0xE3, 0x32, 0x9F, 0xB8, 0xBA, 0x49, 0xD6, 0x2B, 0xAE, 0x6E, 0x92, 0xF1, 0xCA, 0xAB, 0x9B,
 0x64, 0xBB, 0xFC, 0xEC, 0xEA, 0x26, 0x79, 0xAE, 0x30, 0x99, 0x6A, 0x89, 0x9C, 0x01, 0x4F, 0x9C,
 0x9D, 0xA5, 0x67, 0xB2, 0xAB, 0x3B, 0x94, 0x21, 0x07, 0x67, 0xEE, 0xF6, 0x3F, 0x3B, 0xBD, 0x7E,
 0xE7, 0xE3, 0xF5, 0x47, 0xD7, 0xFB, 0xD7, 0xFE, 0x3C, 0xED, 0xF1, 0x36, 0x03, 0x8B, 0xD3, 0x35,
 0xB9, 0xB8, 0x57, 0x91, 0xB6, 0x88, 0x15, 0x05, 0x86, 0xE2, 0xD4, 0xDD, 0xFF, 0xFC, 0xBB, 0x4D,
 0xF4, 0xBD, 0x71, 0xEB, 0xDB, 0xC1, 0x99, 0x53, 0x9B, 0xE8, 0x7C, 0x70, 0xE2, 0x26, 0x6D, 0x6D,
 0x26, 0xEA, 0x7D, 0x70, 0xEF, 0xFB, 0x8D, 0x33, 0x3F, 0x6F, 0xA2, 0xFA, 0xC1, 0xFD, 0x47, 0x9B,
 0x2C, 0x00, 0xED, 0x6F, 0x7C, 0x7A, 0x69, 0x93, 0x05, 0x60, 0x00, 0xF7, 0xCA, 0x39, 0xF7, 0xFC,
 0x95, 0x6D, 0x9E, 0x3F, 0xBB, 0x97, 0xCE, 0x0F, 0x4E, 0xDE, 0xED, 0x7F, 0x77, 0x99, 0xEA, 0x7B,
 0x3B, 0xB1, 0xDD, 0x30, 0x77, 0x34, 0xB6, 0xA1, 0x0B, 0x7B, 0x4A, 0x86, 0x56, 0x76, 0x96, 0xA1,
 0x57, 0x51, 0xBB, 0x8D, 0xB6, 0xC7, 0x89, 0x85, 0x56, 0x16, 0x9B, 0x6D, 0xB4, 0x93, 0xDC, 0x90,
 0xF3, 0xCF, 0x2B, 0xB7, 0x22, 0xC5, 0x6F, 0x4B, 0x4C, 0x69, 0x58, 0x97, 0x76, 0xEA, 0x64, 0x6F,
 0x3E, 0x47, 0x2E, 0x3F, 0xE1, 0x77, 0x88, 0x5B, 0x7A, 0xED, 0x9B, 0xF0, 0x8E, 0xB3, 0xBC, 0x7D,
 0x0C, 0x45, 0x33, 0x4F, 0xBE, 0xD1, 0x35, 0x9A, 0xC1, 0x79, 0xD5, 0xCB, 0xF4, 0x15, 0xA6, 0xC9,
 0x7D, 0x35, 0x07, 0x7B, 0xE2, 0x96, 0x01, 0x33, 0x6C, 0x51, 0x22, 0x26, 0x3B, 0x8C, 0x1C, 0x6D,
 0x3D, 0xE1, 0xBA, 0x73, 0x61, 0xE1, 0xB5, 0x97, 0x63, 0x6A, 0x03, 0x21, 0xBB, 0x00, 0xAC, 0xFB,
 0xF2, 0x3B, 0x74, 0xFB, 0x3B, 0xBE, 0x6D, 0x1E, 0xCB, 0xE9, 0x37, 0x3E, 0x18, 0x7C, 0x77, 0x62,
 0x02, 0xC2, 0x83, 0x68, 0xB8, 0x81, 0xF1, 0xBF, 0xBB, 0x8B, 0x43, 0x3A, 0x76, 0x84, 0xEF, 0x85,
 0xB0, 0x84, 0xA0, 0x1E, 0x80, 0x8C, 0xEE, 0xF9, 0x8B, 0xFD, 0xDB, 0xA7, 0x27, 0x1E, 0xEF, 0x2D,
 0xA0, 0x65, 0xA8, 0x50, 0x1E, 0x8C, 0x8C, 0x15, 0xD4, 0xD1, 0x9C, 0x49, 0x27, 0xF9, 0xD1, 0x7B,
 0xCC, 0x1C, 0x51, 0x31, 0x7D, 0x21, 0xCA, 0x1D, 0x35, 0x85, 0xE1, 0xA0, 0xAD, 0x5A, 0x22, 0x7C,
 0x78, 0x48, 0x0C, 0x31, 0xD4, 0x87, 0xA2, 0x5A, 0xED, 0x15, 0x64, 0x05, 0x3D, 0x0E, 0xF9, 0x62,
 0x2F, 0xC1, 0x91, 0x0F, 0x0A, 0x4C, 0xA7, 0x96, 0xC8, 0x36, 0x68, 0x41, 0x8D, 0xDC, 0xAA, 0xFA,
 0x5C, 0x2C, 0x38, 0xC8, 0x81, 0x9E, 0xE6, 0xF1, 0xF1, 0x33, 0xFD, 0x0F, 0x7F, 0xE2, 0x0E, 0x6A,
 0xC8, 0x21, 0xEC, 0xBC, 0xF6, 0x16, 0x37, 0xB8, 0xF0, 0x6D, 0xFF, 0xF4, 0x27, 0x83, 0x3F, 0xFD,
 0x91, 0xF3, 0xD1, 0x13, 0x44, 0xF4, 0x0A, 0x75, 0x67, 0xD4, 0x0B, 0xC4, 0x7F, 0x67, 0x92, 0xCB,
 0x94, 0x29, 0xF4, 0x7B, 0xE7, 0xEC, 0xFA, 0x83, 0xEF, 0x9E, 0xA8, 0x5F, 0x5B, 0xB2, 0x54, 0xD3,
 0xA9, 0xEF, 0x82, 0xCD, 0xBC, 0xED, 0x70, 0xCF, 0xD6, 0x80, 0x4A, 0x5D, 0x36, 0xA4, 0x4E, 0x1B,
 0xEB, 0x4E, 0xB6, 0x89, 0x9D, 0xFD, 0x1A, 0x26, 0x8F, 0x7B, 0xD7, 0x5E, 0x93, 0x93, 0xAA, 0x9C,
 0x4A, 0x73, 0x34, 0x54, 0x6A, 0xCF, 0x26, 0x79, 0xFA, 0xC0, 0xC3, 0x08, 0x3B, 0xE2, 0x26, 0x43,
 0xEC, 0x89, 0x4F, 0x55, 0x39, 0x0D, 0x3B, 0xDE, 0x38, 0x74, 0x0F, 0x35, 0xC7, 0xEA, 0xE0, 0x34,
 0x27, 0x29, 0xCD, 0x5A, 0xB7, 0x97, 0x26, 0x66, 0xB3, 0x54, 0xC9, 0x3E, 0xA4, 0xB6, 0xB1, 0x55,
 0x13, 0xAA, 0x1E, 0x69, 0x7A, 0x9A, 0x60, 0x68, 0x07, 0x90, 0x59, 0x3B, 0xCC, 0x07, 0x57, 0xBD,
 0x7C, 0x9A, 0xF7, 0xAE, 0x06, 0xE1, 0x69, 0x78, 0x14, 0x02, 0x2F, 0xFE, 0xE9, 0x03, 0x3C, 0x0E,
 0xB7, 0xFB, 0xE4, 0xC5, 0xDF, 0x63, 0xC3, 0x33, 0x6C, 0x16, 0xD9, 0x4F, 0xDA, 0x21, 0xC1, 0xA3,
 0xB7, 0x91, 0x23, 0x83, 0x58, 0x62, 0x3F, 0x45, 0xFA, 0x8B, 0xF5, 0xD0, 0x6C, 0x84, 0xF5, 0xAC,
 0xE4, 0xB9, 0x29, 0xB1, 0x9F, 0x3E, 0x78, 0xA8, 0x23, 0x82, 0x37, 0xEF, 0x96, 0x06, 0x9E, 0xE8,
 0xD5, 0x08, 0xA1, 0x3D, 0x52, 0xC5, 0x09, 0xC7, 0x26, 0xC1, 0xB0, 0x42, 0x7F, 0x7A, 0x39, 0x16,
 0x9E, 0x48, 0x62, 0xA3, 0x12, 0xB0, 0xDB, 0x0B, 0xFE, 0x48, 0x75, 0x97, 0xD2, 0xD1, 0x59, 0xAF,
 0x61, 0xA3, 0xB5, 0xA4, 0x93, 0xEA, 0xB2, 0x4F, 0x52, 0x48, 0xD4, 0xEF, 0xF3, 0xFE, 0xF8, 0xC2,
 0xA9, 0xB2, 0x31, 0x6A, 0xE7, 0xDF, 0xAA, 0xF0, 0x84, 0x64, 0x19, 0x54, 0xDE, 0x32, 0x56, 0x40,
 0xE1, 0x36, 0x76, 0x88, 0x3E, 0x8D, 0x8E, 0x93, 0x4C, 0xA6, 0x6A, 0xF5, 0xE8, 0x52, 0x0B, 0xB7,
 0x8D, 0x65, 0xEC, 0xAF, 0x4E, 0xE7, 0xCB, 0x82, 0x90, 0xEA, 0x0D, 0x89, 0x82, 0xC0, 0xC4, 0xB8,
 0x5D, 0x66, 0x09, 0x0C, 0xA6, 0x84, 0xB7, 0xAA, 0x85, 0x41, 0xAD, 0x3A, 0x87, 0xB3, 0x34, 0x42,
 0x6A, 0x35, 0xDE, 0x4F, 0xC2, 0xFC, 0x9E, 0x24, 0xCE, 0x7A, 0x9F, 0x52, 0xEE, 0xC9, 0x57, 0x84,
 0x54, 0xE5, 0xCD, 0x4E, 0xBB, 0x81, 0x2D, 0x18, 0xA5, 0xAA, 0x0B, 0xA3, 0x06, 0xC6, 0xFE, 0x83,
 0x62, 0x4F, 0x2F, 0x47, 0xF1, 0xAB, 0x4A, 0xF2, 0x19, 0x9C, 0x62, 0x54, 0xC8, 0x4B, 0x0C, 0xA1,
 0x54, 0x40, 0xA7, 0xF6, 0xCC, 0x33, 0xCB, 0x55, 0xAC, 0xD9, 0x98, 0xF3, 0x88, 0xD4, 0x96, 0xAB,
 0x0C, 0x1D, 0xC8, 0x5C, 0x0B, 0x3C, 0xF6, 0x0F, 0x1D, 0x6C, 0xAD, 0x2D, 0xD0, 0xB6, 0xC2, 0xB0,
 0x92, 0xEF, 0x1C, 0x1E, 0xF6, 0xC9, 0xCF, 0x76, 0x55, 0xB9, 0x97, 0x38, 0xF2, 0x0E, 0xA5, 0x0B,
 0x30, 0x29, 0xF8, 0x6F, 0x44, 0xC1, 0x1E, 0xDE, 0xDE, 0x2E, 0x64, 0xAF, 0xE9, 0x12, 0x17, 0x48,
 0x00, 0x41, 0xF0, 0xBA, 0x6D, 0xE8, 0xC9, 0x8E, 0xCF, 0xBF, 0x55, 0x43, 0x2B, 0x48, 0x75, 0x38,
 0x05, 0x43, 0xC5, 0x4A, 0x76, 0xD2, 0x5D, 0x09, 0x01, 0x93, 0x15, 0x5E, 0x37, 0x32, 0x36, 0x50,
 0xC5, 0x7C, 0x2F, 0xD0, 0x9D, 0x95, 0x3D, 0x4A, 0x40, 0x53, 0x63, 0x48, 0x4D, 0xC3, 0xF6, 0xB0,
 0xA6, 0x8D, 0x89, 0x78, 0x59, 0x7E, 0xAB, 0xF0, 0x07, 0xDF, 0x5A, 0x38, 0xC4, 0xA7, 0xD9, 0x47,
 0x38, 0x76, 0xA5, 0xCB, 0x7B, 0x1C, 0x67, 0x0E, 0x81, 0xBA, 0xF8, 0x0A, 0x8F, 0x4C, 0x53, 0x53,
 0x25, 0xEA, 0xFF, 0x39, 0x42, 0x8E, 0xEF, 0xA5, 0xC9, 0x07, 0x3F, 0x95, 0xD7, 0x17, 0xDE, 0x7A,
 0x33, 0x0B, 0x41, 0x08, 0xDE, 0xAA, 0x2A, 0x6B, 0x49, 0x23, 0x35, 0x05, 0x5F, 0x5E, 0x14, 0x52,
 0x6F, 0x08, 0x73, 0xF3, 0x4E, 0xCE, 0x9B, 0xD9, 0xB3, 0x8C, 0xAC, 0x1A, 0xD5, 0xE5, 0xF3, 0xA0,
 0x2E, 0x78, 0xF2, 0x7C, 0xA7, 0x07, 0x8A, 0xE5, 0x40, 0xB3, 0x10, 0xE4, 0x87, 0x55, 0xF9, 0xC8,
 0x33, 0xB5, 0x5A, 0x47, 0x87, 0xDC, 0xA4, 0xEA, 0x58, 0x4E, 0x79, 0x63, 0x35, 0x7F, 0x69, 0xC8,
 0x3B, 0x1C, 0x64, 0x39, 0xEC, 0x16, 0x29, 0x99, 0xEA, 0xB2, 0x84, 0x91, 0xB5, 0x2D, 0xA9, 0xF6,
 0xCE, 0xB3, 0x5D, 0xCD, 0x60, 0x32, 0x65, 0x4D, 0xCB, 0x70, 0x0C, 0x08, 0x96, 0x5E, 0x2E, 0x17,
 0x1A, 0x6D, 0x81, 0x06, 0xC9, 0x1F, 0x2A, 0xF5, 0x2A, 0xE5, 0x7C, 0x8E, 0x41, 0xEE, 0x81, 0xBC,
 0xD4, 0x7D, 0x19, 0x72, 0x73, 0x56, 0x37, 0x56, 0x40, 0xB8, 0x77, 0xAA, 0xA3, 0x29, 0xA8, 0x4A,
 0xB3, 0xD6, 0xF0, 0xE2, 0x8A, 0x4F, 0x8D, 0x38, 0x00, 0xCF, 0xAE, 0xAD, 0xF8, 0x11, 0xFE, 0x0C,
 0x33, 0xCA, 0x1E, 0x8B, 0xA5, 0x97, 0x1C, 0x50, 0x2C, 0xE4, 0x56, 0x12, 0x54, 0x96, 0x44, 0x22,
 0x30, 0x20, 0xA5, 0x20, 0x70, 0xD3, 0x27, 0xD2, 0x7A, 0x70, 0xDC, 0xFD, 0xF1, 0x43, 0x7E, 0xCC,
 0x00, 0xC3, 0x9B, 0x72, 0xA0, 0x48, 0x32, 0x26, 0xB3, 0x82, 0xEF, 0x84, 0x3C, 0xB1, 0x03, 0x4C,
 0x02, 0xC1, 0xB7, 0xE8, 0x27, 0xB9, 0xD9, 0x25, 0xBC, 0x66, 0x13, 0xAD, 0xA7, 0xB2, 0xE0, 0xE6,
 0xFB, 0xC1, 0x13, 0x93, 0x4B, 0xB5, 0xBA, 0x17, 0x75, 0x4B, 0x69, 0xA2, 0xFA, 0xA5, 0x23, 0xA9,
 0x54, 0x95, 0x25, 0xE4, 0x31, 0x6C, 0xEC, 0x5E, 0x30, 0x82, 0xCD, 0x76, 0xE2, 0x91, 0xD9, 0x0E,
 0xC3, 0x05, 0xA2, 0xF9, 0xFD, 0x09, 0x88, 0xC5, 0xA2, 0x11, 0x08, 0x65, 0x6D, 0x18, 0x38, 0x76,
 0x8C, 0xE7, 0xAB, 0x24, 0x89, 0xF1, 0xEC, 0x86, 0xDF, 0xFD, 0xE5, 0x67, 0x76, 0xE1, 0xCF, 0x8F,
 0x3B, 0xDB, 0xF0, 0xA2, 0x1F, 0x64, 0x05, 0x82, 0x49, 0x16, 0x07, 0xAA, 0xCC, 0x19, 0x4A, 0xA8,
 0x1E, 0xA4, 0xBA, 0xE0, 0x57, 0x34, 0x65, 0x8C, 0x79, 0x12, 0xA1, 0xEA, 0x7F, 0xA8, 0x41, 0x07,
 0x79, 0xFF, 0x0D, 0x44, 0x22, 0x93, 0xFE, 0xB7, 0x16, 0x6C, 0xD2, 0x7F, 0xF3, 0x26, 0xFD, 0x4F,
 0xC9, 0x48, 0xE9, 0xF2, 0x9F, 0x7D, 0x81, 0xA8, 0xC2, 0xFC, 0x88, 0x0C, 0xA2, 0x35, 0x50, 0x3F,
 0x51, 0x6C, 0x8A, 0xCA, 0x69, 0x65, 0xA1, 0x52, 0xD9, 0x00, 0x09, 0x92, 0x13, 0x81, 0xE4, 0x18,
 0x41, 0xBD, 0x8F, 0xB7, 0x0E, 0xB0, 0xC2, 0x07, 0xC2, 0x3A, 0xD6, 0x9A, 0x17, 0xF4, 0xED, 0x31,
 0x93, 0x78, 0xE5, 0x91, 0xF0, 0x48, 0x57, 0xD8, 0xB5, 0x76, 0x96, 0x39, 0xD7, 0xB1, 0x63, 0x50,
 0x3E, 0x57, 0xE0, 0x95, 0x68, 0x9F, 0xBC, 0x10, 0x4B, 0x28, 0xA6, 0x1D, 0xF1, 0xAD, 0xA4, 0x9D,
 0x85, 0xC1, 0x63, 0xC7, 0x04, 0x18, 0x36, 0x5E, 0x21, 0x9F, 0x60, 0x26, 0xF3, 0xA9, 0x17, 0x79,
 0x72, 0xF1, 0xC3, 0x13, 0x08, 0x76, 0xDB, 0x35, 0x0D, 0x10, 0x59, 0xED, 0xDD, 0x11, 0x4D, 0xBB,
 0xDC, 0xBB, 0xDA, 0x8A, 0x2C, 0xB7, 0xB3, 0x68, 0xB9, 0xB9, 0x48, 0xE7, 0x16, 0xDB, 0x04, 0x2C,
 0x58, 0xEA, 0x5F, 0xD3, 0x45, 0xF1, 0x27, 0xC3, 0x20, 0xA4, 0x13, 0x20, 0xB4, 0x72, 0xE4, 0x8B,
 0xAA, 0x21, 0x45, 0x91, 0x48, 0xF5, 0xC6, 0x5E, 0x2A, 0x54, 0x70, 0xE9, 0x15, 0x83, 0x28, 0x98,
 0x5B, 0x5C, 0x6A, 0x30, 0xA6, 0x73, 0xE5, 0xFC, 0x9C, 0x18, 0x41, 0x74, 0x60, 0x6F, 0xCE, 0x66,
 0xFA, 0x19, 0xDE, 0x8F, 0x8F, 0x89, 0xC1, 0xE6, 0x7C, 0x09, 0xD8, 0xBD, 0x56, 0x64, 0xD1, 0x4A,
 0x56, 0x35, 0x8F, 0x1D, 0x5B, 0xC9, 0x22, 0x73, 0xD1, 0x0B, 0x88, 0x4C, 0x86, 0xE2, 0x1D, 0x5E,
 0x64, 0x8D, 0x41, 0x40, 0x18, 0x82, 0x67, 0xEA, 0x3A, 0x84, 0x20, 0x94, 0xD4, 0x64, 0x12, 0x46,
 0xE8, 0x62, 0xC2, 0xEB, 0x8B, 0xFC, 0x73, 0x7C, 0xAA, 0xE2, 0x23, 0xF1, 0x6F, 0x57, 0x23, 0x28,
 0xDA, 0x59, 0x32, 0x81, 0x2D, 0xD2, 0x09, 0xE1, 0x45, 0xA9, 0x56, 0xD3, 0x3B, 0x9A, 0xB6, 0x87,
 0x00, 0x55, 0x22, 0x53, 0x23, 0x3E, 0xF1, 0x7F, 0x37, 0xF7, 0x31, 0x91, 0xD9, 0x7D, 0xEC, 0x18,
 0x52, 0x18, 0x17, 0x46, 0x71, 0x91, 0x91, 0x00, 0x05, 0x65, 0x8E, 0xCB, 0x71, 0xFC, 0x8B, 0x74,
 0x22, 0x3F, 0x3A, 0xC1, 0xD3, 0x18, 0x6A, 0x29, 0x80, 0x87, 0x5C, 0x55, 0x83, 0x2D, 0x31, 0xB1,
 0x62, 0xDA, 0x24, 0x98, 0xE9, 0x05, 0xF3, 0xA2, 0x03, 0x0D, 0x2D, 0x08, 0x99, 0x4F, 0x9B, 0x4A,
 0x30, 0xE6, 0x2D, 0x23, 0x6C, 0xF9, 0x37, 0xE3, 0x51, 0x9B, 0xB6, 0x94, 0x88, 0x27, 0x08, 0x21,
 0x4F, 0xF0, 0xAE, 0xC5, 0x01, 0x86, 0x7E, 0x06, 0x9B, 0x65, 0x7F, 0xB4, 0x7A, 0x00, 0x39, 0xAD,
 0x2C, 0xA4, 0xE7, 0x64, 0x5E, 0x10, 0xD2, 0x00, 0x5F, 0x10, 0x77, 0xCF, 0x32, 0x26, 0x01, 0x24,
 0xB8, 0x21, 0x8F, 0x12, 0x32, 0x09, 0xA1, 0x62, 0xB9, 0x04, 0x6B, 0xA3, 0xCE, 0x32, 0x04, 0x9C,
 0x44, 0x0C, 0xAD, 0x26, 0x85, 0xF4, 0x08, 0x5D, 0x53, 0x79, 0x01, 0x7E, 0xE5, 0x4C, 0x27, 0x15,
 0x90, 0x66, 0x37, 0xC9, 0x9B, 0x31, 0x3B, 0x0C, 0xB5, 0x17, 0x4A, 0x01, 0x98, 0x77, 0x0F, 0xBB,
 0x25, 0xB8, 0x1E, 0x54, 0x4E, 0xC8, 0xE8, 0x38, 0xD5, 0xED, 0xF5, 0x76, 0x0D, 0xD3, 0x6B, 0x90,
 0xEA, 0x49, 0xEB, 0xDF, 0x85, 0xA6, 0x72, 0xFF, 0x32, 0xC8, 0x4E, 0xDA, 0x46, 0xAC, 0x43, 0x4F,
 0x07, 0xCD, 0x18, 0x39, 0x97, 0xE4, 0xD3, 0x18, 0x66, 0x59, 0x97, 0x86, 0x2C, 0xC8, 0x56, 0xCF,
 0x3F, 0xEF, 0x3F, 0x65, 0x01, 0xB0, 0x06, 0x1B, 0x87, 0x54, 0xA8, 0x79, 0x80, 0x56, 0x63, 0x1C,
 0x13, 0xDD, 0x7D, 0x4D, 0x83, 0xA8, 0xBB, 0xD3, 0x9D, 0x9D, 0x87, 0x9F, 0x35, 0x78, 0x3D, 0xC2,
 0xDD, 0xAE, 0xF1, 0xFA, 0x6C, 0xE8, 0x10, 0xDD, 0xD2, 0x52, 0x8D, 0x34, 0xD0, 0x41, 0x35, 0xDF,
 0x13, 0x6E, 0x01, 0x2A, 0x23, 0xFD, 0x0A, 0xCB, 0xA5, 0xF4, 0x5B, 0xB3, 0x08, 0xB4, 0x61, 0x62,
 0x5A, 0x2B, 0xBC, 0xC9, 0x34, 0xBF, 0xD8, 0x80, 0xFA, 0xB2, 0xC4, 0x53, 0x90, 0x61, 0x85, 0x0F,
 0x41, 0x0D, 0x07, 0xA9, 0x75, 0x83, 0xC2, 0x18, 0x5A, 0x32, 0x1C, 0x24, 0x4B, 0xBC, 0x92, 0x12,
 0x21, 0xDC, 0x0D, 0xB7, 0x0F, 0xD5, 0x68, 0xD9, 0xE9, 0xF9, 0x95, 0x7B, 0xAF, 0xA3, 0x47, 0x00,
 0xBD, 0x09, 0xB6, 0xBF, 0x26, 0x5E, 0x05, 0x1B, 0x85, 0x03, 0x86, 0x0C, 0x45, 0x93, 0xF2, 0xCC,
 0x3E, 0xC6, 0x19, 0x87, 0x09, 0xB6, 0xE4, 0xE3, 0x20, 0xC1, 0x87, 0x39, 0x21, 0x28, 0x5A, 0x16,
 0x29, 0x9F, 0xA4, 0x53, 0x24, 0x6C, 0x5A, 0xED, 0x24, 0x3F, 0xB8, 0x7C, 0x7D, 0xE3, 0xFA, 0x95,
 0xF0, 0x07, 0x3B, 0xFF, 0x7A, 0xF0, 0x2D, 0x9F, 0x1A, 0x6D, 0x40, 0xF9, 0x1C, 0x43, 0xC8, 0x47,
 0xDA, 0xE2, 0x1E, 0xAB, 0xC2, 0x7C, 0xFF, 0xDA, 0x9F, 0xDD, 0xAF, 0xAF, 0x32, 0x24, 0x50, 0x81,
 0x7B, 0x8C, 0x05, 0xF6, 0x89, 0x4F, 0xD4, 0xB6, 0x64, 0xFD, 0xC6, 0x8D, 0x5F, 0xD6, 0x1F, 0x3E,
 0x1A, 0x5C, 0xB8, 0xCA, 0x91, 0xD3, 0x9A, 0xDC, 0x4B, 0x07, 0x39, 0x80, 0xED, 0x5F, 0xBC, 0xE9,
 0x7E, 0xF0, 0xA5, 0xFB, 0xFE, 0x0F, 0xEC, 0xF0, 0x86, 0x67, 0x6E, 0xE2, 0x9F, 0x69, 0x44, 0x05,
 0xE1, 0x88, 0x23, 0x63, 0x68, 0x4F, 0x31, 0x71, 0xF3, 0x97, 0xD9, 0x46, 0x3C, 0x99, 0x9A, 0xD4,
 0x39, 0x10, 0x34, 0xC0, 0x3D, 0xA9, 0x09, 0x95, 0x98, 0x0E, 0x2A, 0xED, 0x9F, 0xC8, 0xF8, 0x93,
 0xE4, 0xB4, 0xC6, 0x9F, 0xEC, 0x05, 0x4D, 0x57, 0xA0, 0x6E, 0x49, 0x33, 0x6C, 0x9C, 0x1C, 0xEF,
 0x41, 0xC8, 0x22, 0xCE, 0x6F, 0x44, 0x28, 0xFF, 0xC1, 0xA1, 0xC1, 0xB4, 0x02, 0xB0, 0xE8, 0x53,
 0x48, 0x5B, 0xE4, 0x9F, 0x63, 0x00, 0x28, 0x39, 0x21, 0xB1, 0x0F, 0x0B, 0x47, 0xE8, 0xBE, 0x4D,
 0x81, 0x76, 0xD8, 0x53, 0x23, 0x3B, 0x06, 0x71, 0xBF, 0xBA, 0xB7, 0x7E, 0xFF, 0x36, 0xEF, 0xEF,
 0x30, 0x7A, 0x8C, 0x2E, 0x3D, 0x29, 0x89, 0xB6, 0xBE, 0xEC, 0x64, 0x62, 0xFD, 0xCE, 0xB5, 0x6C,
 0x36, 0xCB, 0x8F, 0x68, 0xCB, 0x37, 0x35, 0x40, 0xF2, 0xDB, 0xDA, 0xFE, 0x18, 0x50, 0x3F, 0x9D,
 0x8C, 0x77, 0x0C, 0xE1, 0x6D, 0x83, 0x94, 0x1E, 0x33, 0xC9, 0x51, 0x8F, 0x88, 0xBF, 0xF7, 0xA9,
 0x4E, 0x66, 0xF1, 0x68, 0x48, 0x9F, 0xAC, 0x9B, 0x0D, 0x8F, 0xD0, 0x43, 0xA5, 0xEB, 0x1F, 0xF5,
 0x4F, 0x7F, 0x42, 0x35, 0x0C, 0x3E, 0xF6, 0x1A, 0xF9, 0xE3, 0x2F, 0xD2, 0x61, 0x52, 0xDF, 0x66,
 0xEA, 0x93, 0x6B, 0x3A, 0x5E, 0xE1, 0xC8, 0x6E, 0xC4, 0xCB, 0x14, 0xE4, 0x3B, 0xBE, 0x08, 0x9D,
 0xC3, 0x32, 0x39, 0x62, 0xF9, 0x8D, 0xD1, 0xB1, 0x20, 0x3A, 0xD3, 0xF4, 0xE5, 0x80, 0xAA, 0xC3,
 0xA6, 0x22, 0x78, 0x5D, 0xC0, 0x80, 0x4D, 0x86, 0xD7, 0x23, 0x50, 0x4F, 0xCC, 0xE4, 0x72, 0xAD,
 0xBE, 0x40, 0x37, 0x74, 0xC9, 0xE5, 0x54, 0xD6, 0x44, 0xF2, 0x02, 0xC9, 0x47, 0x49, 0x31, 0xCD,
 0x0B, 0x10, 0x2F, 0xD9, 0xA3, 0x06, 0xA4, 0x7E, 0xD0, 0x48, 0xAA, 0x97, 0x86, 0x02, 0x20, 0x80,
 0xD8, 0xA1, 0x6C, 0x00, 0xF6, 0x83, 0x86, 0x42, 0x5B, 0x63, 0x3C, 0x8E, 0x26, 0xB2, 0x68, 0xA2,
 0xA8, 0x8E, 0x1C, 0xD1, 0x84, 0x05, 0x1C, 0x5D, 0xC9, 0xC8, 0x90, 0x6C, 0x3A, 0x9F, 0xF3, 0x0F,
 0x92, 0xE6, 0x73, 0xDE, 0x5F, 0x9B, 0xE4, 0xD8, 0xFF, 0x88, 0xE2, 0xFF, 0x01, 0x63, 0xF8, 0x4E,
 0x49, 0x99, 0x42, 0x00, 0x00,
};

const uint8_t index_ov5640_html_gz[] = {
 0x1F, 0x8B, 0x08, 0x00, 0x00, 0x00, 0x00, 0x00, 0x02, 0x03, 0xAD, 0x3C, 0x7B, 0x93, 0xDB, 0x44,
 0x9E, 0xFF, 0xE7, 0x53, 0x08, 0x0F, 0x20, 0x1B, 0xFC, 0x90, 0x65, 0x7B, 0xE2, 0xB1, 0xC7, 0xCE,
 0x91, 0x10, 0x58, 0x60, 0x03, 0xA9, 0x9B, 0xEC, 0xB1, 0x57, 0xA9, 0xD4, 0xD0, 0x96, 0x5A, 0xB6,
 0x32, 0xB2, 0xA4, 0x95, 0xE4, 0x79, 0xE0, 0xB8, 0x2A, 0x09, 0x0B, 0x79, 0x40, 0x08, 0x77, 0x84,
 0x00, 0x0B, 0x01, 0xC2, 0x86, 0x25, 0xDC, 0x6D, 0x1E, 0xCB, 0x66, 0x43, 0x9E, 0xA4, 0xEA, 0xBE,
 0xCA, 0x8E, 0xEC, 0xC9, 0x5F, 0xFB, 0x15, 0xEE, 0xD7, 0xDD, 0x92, 0x2C, 0xCB, 0xF2, 0xC4, 0x33,
 0x99, 0x02, 0x66, 0xA4, 0xEE, 0xFE, 0xBD, 0x9F, 0xDD, 0xAD, 0x61, 0xFE, 0x19, 0xD9, 0x90, 0x9C,
 0x35, 0x13, 0x73, 0x2D, 0xA7, 0xAD, 0xD5, 0x77, 0xCD, 0x93, 0x5F, 0x9C, 0x86, 0xF4, 0x66, 0x2D,
 0xF1, 0x6E, 0x2B, 0xB3, 0xEF, 0xCD, 0x04, 0x19, 0xC3, 0x48, 0xAE, 0xEF, 0xE2, 0xB8, 0xF9, 0x36,
 0x76, 0x10, 0x27, 0xB5, 0x90, 0x65, 0x63, 0xA7, 0x96, 0xE8, 0x38, 0x4A, 0xA6, 0x9C, 0x18, 0x4E,
 0xE8, 0xA8, 0x8D, 0x6B, 0x89, 0x65, 0x15, 0xAF, 0x98, 0x86, 0xE5, 0x24, 0x38, 0xC9, 0xD0, 0x1D,
 0xAC, 0xC3, 0xC2, 0x15, 0x55, 0x76, 0x5A, 0x35, 0x19, 0x2F, 0xAB, 0x12, 0xCE, 0xD0, 0x97, 0xB4,
 0xAA, 0xAB, 0x8E, 0x8A, 0xB4, 0x8C, 0x2D, 0x21, 0x0D, 0xD7, 0xF2, 0x0C, 0x8B, 0xA3, 0x3A, 0x1A,
 0xAE, 0xEF, 0x5F, 0x38, 0x58, 0x10, 0x33, 0x0B, 0x05, 0xAE, 0xFF, 0x5F, 0x7F, 0x74, 0xDF, 0x3B,
 0xEF, 0x5E, 0xB9, 0xD5, 0xFF, 0xF8, 0x47, 0xF7, 0xF4, 0x6D, 0xF7, 0xFC, 0xCD, 0xF9, 0x1C, 0x5B,
 0x42, 0x16, 0xDB, 0xCE, 0x1A, 0x7B, 0xE2, 0xB8, 0x8A, 0x65, 0x18, 0x4E, 0x57, 0x32, 0x34, 0xC3,
 0x02, 0x84, 0x2D, 0xDC, 0xC6, 0x15, 0x19, 0x59, 0x4B, 0xD5, 0x4C, 0xA6, 0xD1, 0xAC, 0xCC, 0xE4,
 0xF3, 0xF9, 0x62, 0xBE, 0x00, 0x2F, 0x26, 0xD2, 0xB1, 0x56, 0x99, 0x11, 0x05, 0xB1, 0x24, 0x06,
 0xEF, 0x22, 0x2C, 0xD8, 0x9D, 0x6F, 0xE4, 0x11, 0x0C, 0x68, 0xAA, 0x8E, 0x2B, 0x33, 0x85, 0x62,
 0xA1, 0x51, 0x28, 0xC3, 0xAB, 0x83, 0x57, 0x9D, 0xCA, 0x0C, 0xDE, 0x8D, 0x31, 0x6E, 0xC0, 0x6B,
 0xBB, 0xE3, 0x60, 0xB9, 0x32, 0x33, 0x57, 0x40, 0xF9, 0x39, 0x09, 0xDE, 0x91, 0x24, 0x81, 0x74,
 0x95, 0x99, 0xD9, 0x22, 0x9E, 0x95, 0x05, 0x42, 0x4C, 0xEB, 0x00, 0xF8, 0x6C, 0x19, 0xED, 0x56,
 0x14, 0x78, 0x5D, 0x41, 0x96, 0x5E, 0x99, 0x51, 0x4A, 0x52, 0xA1, 0x44, 0xC0, 0x1B, 0x08, 0x80,
 0x15, 0x65, 0x56, 0x99, 0xCB, 0xF7, 0x5E, 0xE8, 0x36, 0x8C, 0xD5, 0x8C, 0xAD, 0xBE, 0xAB, 0xEA,
 0xCD, 0x4A, 0xC3, 0xB0, 0x64, 0x6C, 0x65, 0x60, 0xA4, 0xD7, 0x30, 0xE4, 0xB5, 0x6E, 0x1B, 0x59,
 0x4D, 0x55, 0xAF, 0x08, 0xD5, 0x06, 0x92, 0x96, 0x9A, 0x96, 0xD1, 0xD1, 0xE5, 0x8A, 0x85, 0x64,
 0xA2, 0xAD, 0x26, 0xF9, 0x0D, 0x44, 0x93, 0x92, 0x6A, 0x49, 0x1A, 0xE6, 0x90, 0xC3, 0x95, 0x84,
 0xE7, 0xB8, 0x8C, 0x28, 0x3C, 0x97, 0x9E, 0x11, 0xCB, 0x05, 0x41, 0xC4, 0x9C, 0x90, 0xF6, 0x24,
 0xE6, 0x8A, 0x22, 0x8C, 0x0A, 0x0D, 0x41, 0x16, 0x24, 0x2E, 0x2F, 0x08, 0xCF, 0xA5, 0xAA, 0x54,
 0x45, 0x95, 0x65, 0x64, 0x25, 0x99, 0x74, 0xA9, 0xAA, 0x02, 0x36, 0xAA, 0xE4, 0xC5, 0x6C, 0xC9,
 0x5C, 0xCD, 0xE5, 0xB3, 0x05, 0x2E, 0x71, 0xC8, 0xC2, 0x8D, 0x0E, 0xE8, 0xD0, 0xE1, 0x0E, 0x2C,
 0x24, 0xD2, 0x89, 0x03, 0xAA, 0x64, 0x19, 0xB6, 0xA1, 0x38, 0xDC, 0x7F, 0xA2, 0xDF, 0x60, 0x35,
 0x91, 0xB6, 0x91, 0x6E, 0x67, 0x6C, 0x6C, 0xA9, 0x4A, 0x55, 0xC3, 0x8E, 0x03, 0x8C, 0xDB, 0x26,
 0x92, 0x88, 0x1C, 0x42, 0xAF, 0xD1, 0x71, 0x1C, 0x43, 0x07, 0xDB, 0x9A, 0x1D, 0x27, 0x6D, 0x63,
 0x0D, 0x4B, 0x4E, 0x97, 0x12, 0x50, 0xF5, 0x16, 0x40, 0x38, 0xDE, 0x82, 0x2E, 0x93, 0xB8, 0x92,
 0x37, 0x57, 0x39, 0xDB, 0xD0, 0x54, 0x99, 0x63, 0x1C, 0x11, 0xF5, 0xA7, 0xC2, 0x52, 0xCF, 0x88,
 0x45, 0xB1, 0x21, 0xCE, 0xC5, 0xB0, 0xED, 0xE9, 0x8C, 0xA8, 0xA3, 0x63, 0x57, 0xCA, 0xE6, 0x6A,
 0xD5, 0x44, 0xB2, 0x4C, 0xB8, 0x98, 0x05, 0xA4, 0x79, 0x01, 0x06, 0xA4, 0x8E, 0x65, 0x03, 0x94,
 0x69, 0xA8, 0xE0, 0x85, 0x96, 0x47, 0xBA, 0xD2, 0x32, 0x96, 0xB1, 0xE5, 0x31, 0x90, 0x09, 0xE3,
 0x65, 0xD6, 0x4C, 0x79, 0xEB, 0xB2, 0xA6, 0xA5, 0x82, 0x1D, 0xD6, 0xBA, 0x61, 0x6E, 0xF2, 0x72,
 0x51, 0x29, 0x95, 0xAA, 0x23, 0xC0, 0x33, 0xC5, 0x82, 0x34, 0x27, 0xF9, 0xA2, 0x67, 0x89, 0xCD,
 0xBB, 0x61, 0xB4, 0x64, 0x20, 0x15, 0x01, 0x29, 0xA3, 0xD9, 0x86, 0xD8, 0xF0, 0x41, 0xC0, 0x2F,
 0x46, 0x20, 0xE0, 0x7D, 0x0C, 0x40, 0x2E, 0x0A, 0xA5, 0x52, 0x2F, 0x8B, 0x4C, 0xB3, 0xDB, 0x56,
 0xF5, 0x4C, 0x0B, 0xAB, 0xCD, 0x16, 0x98, 0x4D, 0x10, 0x96, 0x5B, 0x81, 0xE0, 0x79, 0x11, 0x84,
 0x96, 0x55, 0xDB, 0xD4, 0xD0, 0x5A, 0xA5, 0x69, 0xA9, 0x72, 0x95, 0xFC, 0x00, 0x7D, 0xB5, 0x61,
 0xC4, 0xC1, 0x04, 0x57, 0xA7, 0xAD, 0xDB, 0x15, 0x40, 0xD0, 0x46, 0xAB, 0x49, 0xB1, 0x08, 0x4A,
 0x4A, 0x17, 0xCA, 0xF0, 0x33, 0xC5, 0x79, 0x63, 0x45, 0x81, 0x8C, 0xE5, 0x15, 0x2B, 0x18, 0x09,
 0xAF, 0xAA, 0x36, 0x91, 0x59, 0xC9, 0x83, 0xA3, 0xF4, 0x48, 0x3E, 0x00, 0x2D, 0x52, 0xFC, 0x0C,
 0x6D, 0x25, 0x9F, 0x2B, 0x56, 0x89, 0x69, 0x32, 0x48, 0x53, 0x9B, 0x7A, 0x85, 0xE8, 0x12, 0x5B,
 0xD5, 0x18, 0x05, 0x53, 0x8F, 0x23, 0xAE, 0x8F, 0x2B, 0x22, 0x31, 0x13, 0x7D, 0x5D, 0x61, 0x02,
 0x95, 0x05, 0x21, 0xEA, 0x54, 0x59, 0xA1, 0x88, 0xDB, 0xBD, 0xAC, 0xED, 0x80, 0x1D, 0xBA, 0xBE,
 0x74, 0x8A, 0x86, 0x01, 0x10, 0x7E, 0x64, 0x64, 0xD5, 0x02, 0x27, 0x53, 0xC1, 0xB0, 0x8C, 0x0F,
 0xCA, 0x23, 0xB8, 0x43, 0x2F, 0x4B, 0x83, 0x3B, 0x6C, 0x3E, 0xE2, 0x5D, 0xC8, 0x1A, 0x86, 0x50,
 0xBE, 0x2C, 0xC8, 0xB8, 0x99, 0xB6, 0x9A, 0x0D, 0x94, 0x14, 0x4B, 0xA5, 0xB4, 0xFF, 0x5F, 0x16,
 0x54, 0x9D, 0x8A, 0x1B, 0x16, 0x4B, 0x29, 0xDF, 0x30, 0x93, 0x5C, 0x77, 0xA2, 0x57, 0x52, 0x8F,
 0xA4, 0x31, 0xDF, 0x42, 0xB2, 0xB1, 0x52, 0x11, 0xA8, 0x8F, 0x72, 0x22, 0x68, 0x93, 0xA3, 0xA4,
 0x84, 0x34, 0xF9, 0x27, 0x2B, 0xA6, 0x3C, 0xCE, 0xB9, 0x96, 0x18, 0x24, 0x02, 0x4E, 0xF0, 0x3C,
 0x7A, 0x53, 0x6D, 0xE6, 0x0B, 0x44, 0x6C, 0xCB, 0x58, 0xE9, 0x4E, 0xE1, 0x04, 0x79, 0x62, 0x69,
 0x0E, 0x2C, 0xCD, 0xA1, 0x8E, 0x63, 0xF8, 0x5A, 0xAB, 0x52, 0xE3, 0x65, 0x54, 0x58, 0x6E, 0xFB,
 0x26, 0xF4, 0x98, 0x20, 0x61, 0x25, 0x50, 0xF4, 0x59, 0x67, 0xC5, 0xE8, 0x3E, 0x01, 0x6B, 0x2F,
 0x4B, 0x93, 0xE5, 0x88, 0x5F, 0xD3, 0x11, 0x10, 0x6F, 0x19, 0x41, 0x9A, 0xA4, 0x6E, 0x4C, 0x2B,
 0x41, 0xA5, 0x40, 0x44, 0x0B, 0xB9, 0x8E, 0x45, 0x5C, 0xC1, 0x93, 0x75, 0x46, 0x29, 0x2A, 0x0D,
 0xA5, 0xDC, 0x63, 0xB9, 0x84, 0x25, 0x96, 0xC3, 0xA4, 0x5A, 0xD5, 0x4C, 0x64, 0xDB, 0x2B, 0xA0,
 0xEE, 0x23, 0xE1, 0x41, 0x82, 0xE5, 0x48, 0x97, 0xA1, 0x25, 0x09, 0x6F, 0xDC, 0x5A, 0x33, 0xC5,
 0xD9, 0x92, 0x50, 0x94, 0x47, 0x93, 0x0C, 0x2A, 0xE4, 0x45, 0x65, 0xCB, 0x49, 0x86, 0xBC, 0x1B,
 0x1D, 0x87, 0xD6, 0x0C, 0xDD, 0xD0, 0x71, 0x2F, 0xC4, 0x88, 0x05, 0xF5, 0x13, 0x8F, 0x70, 0xC2,
 0xEC, 0x15, 0x9B, 0x71, 0x42, 0x70, 0x8A, 0xAA, 0x8D, 0x82, 0xC5, 0x29, 0xD0, 0x5E, 0x51, 0x1D,
 0xA9, 0xD5, 0x3D, 0xDA, 0xB1, 0x1D, 0x55, 0x59, 0x83, 0x5C, 0xAC, 0x29, 0x15, 0xAC, 0xCB, 0x55,
 0xD3, 0xB0, 0x55, 0x1A, 0x0A, 0x16, 0x06, 0xAB, 0xA8, 0xCB, 0xB8, 0xCA, 0x10, 0x15, 0x81, 0xDB,
 0xAA, 0x97, 0x32, 0xC4, 0x22, 0x71, 0x12, 0x86, 0x81, 0xA3, 0x84, 0x03, 0x6F, 0xA1, 0x32, 0xF8,
 0x53, 0x10, 0x7E, 0x7A, 0x37, 0x40, 0x88, 0x1A, 0xA0, 0x3D, 0xA0, 0x5E, 0x55, 0x75, 0x28, 0xFC,
 0xA3, 0x95, 0x69, 0xA6, 0xD8, 0x28, 0x95, 0x4A, 0x62, 0x44, 0x59, 0x73, 0x73, 0x21, 0x3A, 0x04,
 0x59, 0xA5, 0x81, 0x15, 0xC3, 0xC2, 0x5D, 0xAF, 0x27, 0xA8, 0x24, 0x12, 0xD5, 0x71, 0xF4, 0x9E,
 0xE0, 0xE5, 0x21, 0xBF, 0xF4, 0x59, 0xC3, 0x8A, 0x53, 0x29, 0x10, 0x2F, 0x31, 0x4C, 0xFA, 0x7B,
 0x94, 0x56, 0x89, 0x18, 0x3A, 0xC4, 0x90, 0x2C, 0x41, 0xC9, 0x2E, 0x54, 0x1D, 0x30, 0x82, 0x47,
 0x20, 0x9B, 0x2F, 0xD9, 0xA3, 0x52, 0x57, 0xA0, 0xC2, 0x49, 0x4B, 0x58, 0x7E, 0x91, 0x0A, 0x3A,
 0x22, 0x4E, 0xA9, 0x21, 0x23, 0xBC, 0xC9, 0x6A, 0x5F, 0x12, 0x8A, 0x1F, 0x9E, 0xDA, 0x15, 0xFA,
 0x44, 0x02, 0xE1, 0xF7, 0x49, 0x11, 0x92, 0x30, 0xF1, 0x71, 0xE8, 0x81, 0x20, 0x41, 0x4E, 0x99,
 0xAF, 0x48, 0xE6, 0x26, 0x30, 0x32, 0x36, 0xDE, 0xB6, 0x90, 0xD9, 0x1D, 0x37, 0x64, 0x98, 0x41,
 0xA1, 0x24, 0xEC, 0x16, 0x66, 0x63, 0x5C, 0xBB, 0x20, 0x14, 0xE6, 0x0A, 0xB3, 0x31, 0x5E, 0x4B,
 0x4A, 0x9E, 0xA2, 0x41, 0xD6, 0x69, 0xA9, 0xB2, 0x8C, 0xF5, 0x6A, 0xA8, 0x84, 0x14, 0x48, 0xC4,
 0x56, 0x91, 0x6D, 0x02, 0x57, 0x00, 0x02, 0x54, 0x2B, 0xC5, 0x5C, 0x01, 0x82, 0x7E, 0xD5, 0x8B,
 0xCE, 0x39, 0x92, 0xFA, 0xAB, 0x21, 0x8F, 0x0C, 0x92, 0x12, 0x4D, 0x1C, 0xBD, 0x19, 0xDB, 0xB1,
 0x30, 0x6A, 0x87, 0x7D, 0x76, 0x58, 0x9D, 0x9E, 0xAB, 0x1A, 0x8D, 0xA3, 0x04, 0xB3, 0xA2, 0x82,
 0x0E, 0xC1, 0xF2, 0x48, 0xD5, 0x83, 0x12, 0xD5, 0xD0, 0x0C, 0x69, 0xA9, 0x47, 0xCA, 0x5F, 0x13,
 0xC7, 0xB8, 0x9A, 0xC5, 0x90, 0x14, 0x3D, 0xB3, 0xD3, 0x87, 0x70, 0x43, 0x44, 0x92, 0x66, 0xBE,
 0x9C, 0x16, 0x8B, 0x69, 0x51, 0x4C, 0x67, 0x77, 0x97, 0x53, 0x71, 0x1A, 0x91, 0x8A, 0xE5, 0x62,
 0x71, 0x93, 0x38, 0x2E, 0x93, 0x74, 0x25, 0xC6, 0xE5, 0x9F, 0x48, 0x59, 0xF2, 0xF8, 0xE4, 0xEC,
 0x36, 0xD2, 0xB4, 0xEE, 0x88, 0x08, 0x7E, 0xAA, 0x92, 0x77, 0xE3, 0xA2, 0xAC, 0x8C, 0x00, 0xEE,
 0x66, 0x80, 0x11, 0x47, 0x88, 0x49, 0xB2, 0x7E, 0xFE, 0x0D, 0x09, 0xC8, 0x62, 0x9E, 0xB5, 0xA8,
 0x4F, 0x55, 0x76, 0x28, 0x07, 0x5C, 0xB6, 0x49, 0x2A, 0x03, 0xA1, 0x5F, 0xC9, 0xF7, 0xB2, 0x12,
 0xB2, 0x64, 0x7B, 0x9A, 0x3A, 0x61, 0x61, 0x13, 0x23, 0x27, 0x59, 0xA0, 0x4D, 0x01, 0x73, 0x56,
 0x8A, 0x92, 0x20, 0xE8, 0xEE, 0x38, 0xB7, 0xC4, 0x12, 0xE1, 0xFE, 0x46, 0x0C, 0x68, 0x71, 0xAD,
 0x42, 0xB8, 0x1C, 0x96, 0xFD, 0xC6, 0x81, 0x55, 0x3E, 0x31, 0x52, 0x1C, 0xFD, 0x4C, 0xD9, 0x50,
 0x9B, 0xDD, 0x50, 0xBB, 0x21, 0x46, 0xDA, 0x8D, 0x39, 0x62, 0x1E, 0xD8, 0xB9, 0x40, 0xA4, 0x7A,
 0x14, 0x23, 0x36, 0x98, 0x11, 0x1B, 0x85, 0x42, 0x41, 0x88, 0xC9, 0x6D, 0xE3, 0x31, 0xC5, 0x98,
 0xDB, 0xCD, 0xCA, 0x24, 0x45, 0xCA, 0x92, 0xE8, 0xA8, 0xAF, 0x84, 0x63, 0x63, 0x93, 0xDE, 0x64,
 0x8E, 0xB6, 0x26, 0x23, 0x65, 0x22, 0x3D, 0x53, 0x2E, 0x28, 0x42, 0x43, 0x4A, 0x79, 0xC1, 0xE8,
 0x53, 0xA1, 0x2D, 0x27, 0x17, 0x4D, 0x63, 0x9B, 0x21, 0xA4, 0x2D, 0x69, 0x1A, 0xB6, 0x22, 0x65,
 0xA9, 0x84, 0x40, 0x4B, 0x88, 0x26, 0xA4, 0x6D, 0xBA, 0x03, 0xED, 0xB5, 0x98, 0x0E, 0xA2, 0x95,
 0xC4, 0x41, 0x4E, 0xC7, 0xEE, 0x4E, 0x6C, 0x5A, 0xC2, 0x31, 0xE2, 0x18, 0xC8, 0x76, 0x86, 0x49,
 0x40, 0x51, 0x57, 0xB1, 0xCC, 0xD2, 0x3E, 0x4D, 0xEE, 0x06, 0x34, 0xCA, 0x6D, 0x66, 0xBF, 0xD8,
 0xAC, 0x9B, 0x29, 0x91, 0xCD, 0xCD, 0x68, 0xAB, 0x0E, 0x7B, 0x3C, 0x71, 0x92, 0x23, 0xFA, 0x7C,
 0x6C, 0x1E, 0x38, 0x1C, 0xCD, 0x39, 0x06, 0x69, 0x44, 0x9D, 0x35, 0x28, 0x7A, 0x23, 0x05, 0xA5,
 0x6C, 0x7B, 0x5C, 0x67, 0xED, 0x16, 0x04, 0x96, 0xBF, 0x2A, 0xDF, 0xFB, 0xB7, 0x36, 0x86, 0xAD,
 0x5A, 0x72, 0x98, 0x41, 0xF3, 0xB4, 0x2B, 0x4A, 0x75, 0x69, 0xF7, 0x3E, 0xA1, 0x6F, 0x52, 0xAC,
 0x21, 0xE5, 0xE2, 0x84, 0x06, 0x3B, 0xA8, 0x2A, 0x4C, 0xA6, 0x4C, 0x10, 0xC6, 0x13, 0x71, 0xB2,
 0x6E, 0x70, 0x9A, 0x06, 0xB0, 0xD7, 0x23, 0x3B, 0xEA, 0x9C, 0xB7, 0xA5, 0x9E, 0xCF, 0xB1, 0x0D,
 0xFF, 0x3C, 0xD9, 0x8E, 0xC2, 0xAF, 0x36, 0xA4, 0x6D, 0x4E, 0xD2, 0xA0, 0xE3, 0xAA, 0x25, 0x40,
 0x08, 0xB6, 0x57, 0x67, 0x2C, 0x6E, 0xBE, 0x59, 0xF7, 0xD6, 0x90, 0xE5, 0xC8, 0x86, 0xF2, 0xE6,
 0x23, 0xA1, 0xDD, 0x7C, 0x82, 0xED, 0xDD, 0xE7, 0x6D, 0x56, 0x10, 0xFD, 0x39, 0x9A, 0x43, 0x12,
 0xF5, 0xF9, 0x96, 0x58, 0xDF, 0xB8, 0x71, 0x6D, 0xE3, 0xEA, 0xF1, 0x8D, 0xEB, 0xBF, 0x0E, 0x1E,
 0x5E, 0x07, 0x64, 0x62, 0x7D, 0x5E, 0x56, 0x97, 0xFD, 0x75, 0x20, 0x1A, 0x07, 0x9D, 0x28, 0xAC,
 0xD4, 0x50, 0x03, 0x6B, 0xF5, 0xFE, 0x17, 0xBF, 0x0E, 0xAE, 0xDC, 0x63, 0x20, 0xF3, 0x39, 0x36,
 0x36, 0xCF, 0xFA, 0x46, 0x4E, 0x95, 0x6B, 0x09, 0x72, 0xA4, 0xD1, 0x41, 0x4D, 0x0C, 0x00, 0x86,
 0x49, 0x09, 0xD2, 0x46, 0x94, 0x9C, 0x72, 0x24, 0xEA, 0xEB, 0x77, 0xAE, 0xF5, 0x2F, 0x9E, 0x9A,
 0xCF, 0xB1, 0x99, 0xE8, 0x0A, 0xA2, 0xA1, 0x44, 0x7D, 0xE3, 0xD4, 0xFF, 0xB8, 0x67, 0xAF, 0x0E,
 0xD7, 0xE4, 0x18, 0x72, 0x78, 0x00, 0xAE, 0xE8, 0x2B, 0x95, 0xE3, 0xC9, 0x52, 0x5D, 0xFF, 0xD5,
 0xBD, 0x72, 0xCA, 0x3D, 0xFD, 0xF9, 0xC6, 0xE5, 0xAB, 0x63, 0x52, 0x41, 0xAA, 0x86, 0x55, 0x24,
 0x9A, 0x43, 0xBA, 0x82, 0x30, 0x4A, 0xD4, 0xF3, 0x40, 0x01, 0x86, 0x47, 0x27, 0x49, 0x52, 0x4F,
 0xD4, 0xDD, 0xEB, 0xDF, 0xF7, 0x4F, 0xFF, 0x32, 0xF8, 0xDF, 0x1B, 0xFE, 0x12, 0xB6, 0xB3, 0xA4,
 0x62, 0x5B, 0x58, 0xB1, 0xB0, 0x0D, 0x22, 0xBA, 0xA7, 0x7F, 0xE9, 0x5F, 0x04, 0x9B, 0xB0, 0x39,
 0x9F, 0x6B, 0xD3, 0xC7, 0x44, 0x53, 0x26, 0xAC, 0x7A, 0xF8, 0xA9, 0x7B, 0xE6, 0xDC, 0xFA, 0x9D,
 0x7B, 0xEE, 0xB9, 0xCF, 0x18, 0xA3, 0x81, 0x39, 0xFF, 0x79, 0xFC, 0xE4, 0xC2, 0xA1, 0x97, 0x38,
 0xF7, 0xCA, 0xDF, 0x36, 0x6E, 0xFD, 0xD0, 0xFF, 0xFC, 0xF6, 0xFA, 0x83, 0x3F, 0x31, 0x95, 0xB8,
 0x0F, 0x8E, 0xBB, 0x9F, 0xDC, 0x78, 0xFC, 0xFE, 0x39, 0x30, 0xD3, 0xE0, 0xBD, 0x6B, 0x83, 0x93,
 0x77, 0x61, 0xE9, 0x7C, 0xCE, 0xDC, 0x82, 0x4E, 0x02, 0xE7, 0x71, 0x4F, 0x5F, 0x72, 0x7F, 0xFC,
 0xD0, 0xFD, 0xE8, 0xA2, 0x7B, 0xFE, 0x64, 0xFF, 0xB3, 0x9B, 0x54, 0x3F, 0x14, 0x18, 0xC0, 0x37,
 0x31, 0xBE, 0x7B, 0xFA, 0x83, 0x8D, 0x5F, 0xAF, 0x0E, 0x3E, 0x3E, 0x15, 0x67, 0x79, 0xC5, 0x42,
 0x6D, 0x4C, 0x2A, 0xC0, 0x98, 0xE9, 0xF3, 0x42, 0xA2, 0x3E, 0x5B, 0x14, 0x56, 0x8B, 0x65, 0x61,
 0x92, 0xED, 0xF3, 0xF9, 0x44, 0x1D, 0xEA, 0xFF, 0xEA, 0xAC, 0x30, 0x79, 0x89, 0x08, 0xD6, 0x11,
 0xC4, 0xE2, 0xEA, 0xEE, 0xD9, 0xF2, 0xC4, 0x35, 0x05, 0x58, 0x23, 0x96, 0x85, 0xD5, 0xDD, 0xE2,
 0x64, 0x3C, 0x45, 0x6F, 0x0D, 0x41, 0x36, 0x71, 0x51, 0x09, 0x16, 0x01, 0x33, 0xAB, 0x50, 0x1C,
 0x85, 0x49, 0xCE, 0x38, 0x85, 0xC6, 0x06, 0x0F, 0x2E, 0x0E, 0xBE, 0x3B, 0xD1, 0xBF, 0x7A, 0xD9,
 0x7D, 0x70, 0x3E, 0xAA, 0x34, 0xC8, 0xE3, 0xA8, 0xA1, 0x61, 0xD9, 0xA7, 0x5D, 0x3F, 0xF0, 0xFA,
 0xC1, 0xFD, 0xAF, 0x6E, 0x8D, 0x58, 0x40, 0x68, 0xE3, 0xD6, 0xD5, 0xC7, 0xA7, 0x86, 0x24, 0x68,
 0x3F, 0x4D, 0xCD, 0xF2, 0x87, 0x0E, 0x34, 0x42, 0xCE, 0x5A, 0x82, 0xA3, 0x3B, 0x9F, 0x04, 0xDD,
 0x32, 0x25, 0xC8, 0xB9, 0x43, 0x2D, 0x51, 0x84, 0xDF, 0x68, 0xB5, 0x96, 0x28, 0x08, 0x91, 0x60,
 0xA0, 0x4A, 0x48, 0x70, 0x32, 0x72, 0x50, 0x06, 0x8A, 0xC0, 0x10, 0x49, 0xDD, 0x77, 0xFD, 0x69,
 0x58, 0xFA, 0xFD, 0xBE, 0xDF, 0xBE, 0x11, 0xC3, 0xD0, 0xAA, 0xA4, 0x2D, 0x2D, 0xB6, 0x5B, 0xEF,
 0xC6, 0x71, 0x54, 0xF2, 0x38, 0x12, 0x8B, 0x4F, 0xE2, 0x28, 0xC0, 0x32, 0x0D, 0x4B, 0x11, 0x93,
 0x7C, 0xEA, 0x7E, 0xF0, 0xB3, 0x7B, 0xE7, 0x47, 0xEA, 0xF8, 0x31, 0x7E, 0xDC, 0x58, 0x94, 0xA0,
 0xBA, 0x39, 0x81, 0x1B, 0x93, 0x9C, 0x30, 0xEA, 0x25, 0x75, 0x71, 0x6C, 0xA4, 0x30, 0x36, 0x52,
 0x7C, 0x2A, 0xB7, 0xA1, 0x3C, 0x7E, 0x74, 0xEF, 0x89, 0x3E, 0x73, 0x70, 0xE1, 0xDF, 0x5F, 0x3A,
 0xB0, 0x05, 0x4A, 0x5E, 0x17, 0x92, 0x18, 0xC9, 0x5E, 0x9A, 0x81, 0xE4, 0x7D, 0x86, 0xAE, 0xA8,
 0x4D, 0xC8, 0xBF, 0x37, 0xEE, 0xBB, 0xE7, 0x83, 0xBC, 0xE0, 0xA7, 0xB1, 0xD0, 0x62, 0x1B, 0x2D,
 0x63, 0x6F, 0x71, 0x90, 0x62, 0xD8, 0x29, 0x1E, 0x24, 0xF8, 0x47, 0x97, 0xDC, 0x6B, 0x5F, 0xB8,
 0x77, 0x6F, 0xBB, 0xF7, 0x2E, 0x0C, 0x2E, 0x5C, 0x8D, 0x85, 0x97, 0x90, 0xE9, 0x74, 0x2C, 0xC8,
 0x12, 0xFD, 0xB3, 0x9F, 0xF6, 0x3F, 0x3C, 0x17, 0x49, 0x95, 0x2C, 0x85, 0x4D, 0x9D, 0xD1, 0x06,
 0x8F, 0xEE, 0x6F, 0x3C, 0xFC, 0xEB, 0xFA, 0x9D, 0x8F, 0xFB, 0xFF, 0xF8, 0x70, 0xE3, 0xC6, 0x67,
 0x9B, 0x24, 0xB2, 0x61, 0x05, 0xBB, 0x79, 0xCB, 0xBD, 0xFB, 0xF7, 0xC7, 0x9F, 0x7D, 0x0D, 0xA9,
 0x70, 0xA8, 0x5E, 0xE6, 0x42, 0xEC, 0x17, 0x1D, 0x0B, 0x0A, 0x03, 0xDD, 0xA0, 0x26, 0xC2, 0x1E,
 0xDC, 0x6A, 0xAB, 0x96, 0x65, 0x58, 0xBE, 0x03, 0xD3, 0x5D, 0x6B, 0xC3, 0x58, 0x4D, 0x44, 0xD0,
 0xF8, 0xB8, 0xA7, 0x89, 0x15, 0xF7, 0x9B, 0x93, 0x83, 0xAF, 0x6E, 0x31, 0x69, 0xB6, 0xC7, 0xD4,
 0xB2, 0xA2, 0xA9, 0xE6, 0x4E, 0xB2, 0xB4, 0x71, 0xE6, 0xE7, 0xFE, 0xA5, 0xCB, 0xBE, 0x5E, 0xB7,
 0xC3, 0x12, 0xED, 0x49, 0x49, 0xA9, 0xDD, 0x32, 0x57, 0x23, 0x0E, 0x30, 0x9F, 0xA3, 0x5D, 0x0D,
 0xBB, 0x8D, 0x18, 0xF5, 0x04, 0xD6, 0xAA, 0xF9, 0x2D, 0x4E, 0x48, 0x90, 0x60, 0x97, 0x4F, 0x18,
 0x6A, 0x37, 0x99, 0xE3, 0xD2, 0x2D, 0x74, 0x82, 0x43, 0x9A, 0x43, 0xBC, 0xB0, 0x8D, 0x2D, 0xC4,
 0x79, 0x63, 0x91, 0xE6, 0x40, 0xA6, 0xFD, 0x0B, 0xCD, 0x3F, 0x34, 0x23, 0x98, 0x10, 0x2F, 0x02,
 0xF7, 0xCA, 0xC1, 0x85, 0xA0, 0x39, 0x20, 0xFB, 0x53, 0x26, 0x23, 0xD9, 0x6F, 0x24, 0xEA, 0x99,
 0x4C, 0x85, 0xFE, 0x0B, 0x0B, 0xC8, 0x54, 0xD0, 0xAD, 0x0C, 0x25, 0x9A, 0xA6, 0xFB, 0xF0, 0x30,
 0x92, 0xAD, 0xC4, 0x3E, 0x96, 0x82, 0xB6, 0xD9, 0x8E, 0x38, 0x46, 0xB3, 0xA9, 0xE1, 0x05, 0x4F,
 0xE0, 0x68, 0x94, 0xBA, 0x27, 0xBE, 0xEE, 0x5F, 0xFB, 0x3E, 0x36, 0x38, 0x57, 0x54, 0x45, 0xDD,
 0xEB, 0xE8, 0x89, 0xFA, 0xDB, 0xEA, 0x2B, 0x2A, 0xC7, 0x9A, 0x8D, 0xD8, 0x85, 0x86, 0x83, 0xE8,
 0xBA, 0xB7, 0x48, 0xAF, 0x72, 0xEE, 0xD4, 0xE0, 0xDE, 0x8F, 0xB1, 0xCB, 0x2C, 0xDC, 0x30, 0x0C,
 0x87, 0xAC, 0xF4, 0xB9, 0x20, 0xDB, 0xA2, 0x44, 0xFD, 0xF1, 0xA9, 0x73, 0xD0, 0xCC, 0xB0, 0xD6,
 0x67, 0x02, 0xA0, 0x8D, 0x47, 0xE0, 0xC0, 0x2A, 0x14, 0x0C, 0x18, 0x8A, 0xB2, 0x15, 0xAF, 0x65,
 0xDA, 0xB5, 0x27, 0xE2, 0xBC, 0x9C, 0xCC, 0x90, 0xF4, 0x51, 0xA8, 0x0F, 0xFE, 0x7E, 0x7F, 0x70,
 0xFF, 0xDB, 0xC1, 0xD9, 0xDB, 0xFD, 0xE3, 0x27, 0x20, 0x77, 0x14, 0xA8, 0x1F, 0xD4, 0xDD, 0x0F,
 0xDE, 0x87, 0x2C, 0xC6, 0xCD, 0x37, 0x58, 0xB4, 0x63, 0x64, 0x1E, 0xC2, 0xAB, 0x0E, 0x31, 0x32,
 0xD0, 0xF4, 0x4D, 0x1B, 0xC2, 0xC7, 0xB6, 0xA1, 0x4C, 0xB0, 0xA1, 0xD7, 0x10, 0xB8, 0xBD, 0xD4,
 0xD2, 0xE1, 0x02, 0x45, 0x09, 0xD0, 0xA4, 0xED, 0xE3, 0x37, 0x6D, 0x68, 0x9C, 0xA6, 0x20, 0x10,
 0xC6, 0x4D, 0x61, 0xE2, 0x91, 0x47, 0x3A, 0xCD, 0xFE, 0x9D, 0x9F, 0xDC, 0x7B, 0x7F, 0xE1, 0x86,
 0xA0, 0x64, 0x8B, 0x32, 0xA4, 0x46, 0x81, 0xB9, 0x63, 0xDC, 0xBE, 0x83, 0xBF, 0x0B, 0xAD, 0x91,
 0xCC, 0x4E, 0x64, 0xC9, 0x98, 0x3F, 0x4F, 0xD2, 0x68, 0xD0, 0x62, 0x06, 0xEA, 0x0C, 0x0C, 0x48,
 0x0A, 0x46, 0xD0, 0x28, 0x2E, 0x40, 0xA3, 0xE8, 0xD3, 0xE0, 0xDE, 0xD8, 0x1B, 0x52, 0x0E, 0x94,
 0x05, 0x28, 0xCE, 0x24, 0xDA, 0x7C, 0x0D, 0x41, 0xAC, 0xBE, 0x42, 0x42, 0x70, 0x6A, 0xF5, 0x40,
 0xC0, 0x4E, 0xA7, 0x1C, 0x4A, 0x6A, 0xE3, 0xF8, 0xE7, 0xD0, 0x67, 0x87, 0xC4, 0xA7, 0x0C, 0x1E,
 0xB0, 0xC3, 0x1A, 0x6A, 0xDB, 0x53, 0x6B, 0xC0, 0xBD, 0xF3, 0x17, 0xF7, 0xFA, 0xC3, 0xC9, 0xE2,
 0x37, 0x90, 0x2E, 0xD3, 0x2D, 0x2B, 0xC3, 0x3F, 0x94, 0xFB, 0xE3, 0xAB, 0xFD, 0x7F, 0x9C, 0x08,
 0xCB, 0x6D, 0x63, 0x5D, 0xDE, 0x9A, 0xE0, 0x04, 0x62, 0x2A, 0xC9, 0x5F, 0x3B, 0x18, 0x92, 0x57,
 0x35, 0xE3, 0xAD, 0x3D, 0x0E, 0x46, 0xB3, 0xC2, 0xFA, 0xA3, 0xCB, 0xEE, 0xF9, 0x5F, 0x02, 0x26,
 0xD5, 0xA6, 0x8E, 0xB4, 0x18, 0xFF, 0x0D, 0x67, 0x73, 0xEF, 0x71, 0x34, 0xAD, 0x6F, 0x67, 0xAF,
 0x3A, 0xB8, 0x70, 0xFF, 0xF1, 0xA5, 0xEF, 0x37, 0x6E, 0xBE, 0xB7, 0x71, 0xF6, 0xE4, 0x34, 0xC5,
 0x7E, 0xFD, 0xDE, 0x75, 0x70, 0xFF, 0x98, 0x2E, 0xB4, 0x41, 0xCF, 0x1F, 0x75, 0x6C, 0xDB, 0x71,
 0x7D, 0x68, 0x46, 0xF4, 0x1B, 0xD1, 0x27, 0xF5, 0xA1, 0x21, 0x3C, 0x5B, 0x6A, 0x8E, 0xDD, 0x1B,
 0x77, 0xFB, 0x37, 0x2E, 0xC4, 0xF3, 0x46, 0x8E, 0x70, 0x2D, 0x64, 0x3B, 0x4F, 0xC7, 0x59, 0x80,
 0x65, 0x4B, 0x7C, 0x3D, 0xFE, 0xE1, 0x6F, 0xEE, 0x7F, 0x7F, 0x14, 0xCF, 0x97, 0x0D, 0x45, 0x8A,
 0x1E, 0x5E, 0xEB, 0x4F, 0xC7, 0x59, 0x08, 0xCF, 0xD6, 0x78, 0xBB, 0xF0, 0xC9, 0x04, 0xC6, 0x5A,
 0xC8, 0x32, 0x9F, 0xDE, 0x96, 0x43, 0x34, 0x31, 0x6C, 0x6D, 0xA1, 0x27, 0xFD, 0xF2, 0x21, 0x34,
 0x98, 0x1B, 0x97, 0x2F, 0x4F, 0xE3, 0xA0, 0x6C, 0x6F, 0xCF, 0xBD, 0xF4, 0xF6, 0xDE, 0xED, 0xF5,
 0x58, 0x68, 0xA5, 0xB1, 0x93, 0x4D, 0x1F, 0xF0, 0xC1, 0xB9, 0xDF, 0x7F, 0x33, 0xF8, 0xEA, 0xEC,
 0xB6, 0xD9, 0x59, 0x6C, 0x22, 0x55, 0xDF, 0x01, 0x9E, 0x46, 0x36, 0x44, 0xC0, 0x56, 0xFC, 0x26,
 0x9A, 0x36, 0x2D, 0x8D, 0xC5, 0xB6, 0x21, 0x8F, 0x9F, 0x3B, 0x08, 0xE3, 0xA7, 0x49, 0x91, 0x5D,
 0x3E, 0x94, 0x80, 0x2F, 0x6F, 0xB9, 0x57, 0x7E, 0x9A, 0xB4, 0x00, 0x5C, 0xE6, 0xF1, 0x17, 0x9B,
 0x2D, 0x28, 0x40, 0x37, 0x75, 0xF6, 0x1B, 0xF7, 0xFD, 0xBF, 0xBA, 0xD7, 0xAF, 0x4C, 0x5A, 0x53,
 0x24, 0xBD, 0x1A, 0xEC, 0x88, 0xAE, 0x6D, 0xBA, 0x4D, 0xDB, 0xC2, 0x29, 0xCE, 0x57, 0x97, 0xDC,
 0xF7, 0xCF, 0x4C, 0xEF, 0x5C, 0xFE, 0xFA, 0x6D, 0xD9, 0x13, 0x4B, 0x3B, 0xEA, 0x5E, 0xFB, 0xF7,
 0x71, 0x2F, 0x2F, 0x1C, 0xDC, 0x36, 0x2F, 0xE2, 0x4E, 0x32, 0xC3, 0xF4, 0xB2, 0x71, 0xF9, 0x07,
 0xF7, 0xC4, 0xA3, 0x98, 0xA4, 0x82, 0xF0, 0xA2, 0x86, 0x97, 0x41, 0xE9, 0x4F, 0x95, 0x53, 0x02,
 0x2C, 0x5B, 0xCA, 0x74, 0x8C, 0x35, 0xF7, 0xF8, 0x83, 0x58, 0xBE, 0xA4, 0x45, 0x8F, 0xCC, 0x38,
 0x63, 0x82, 0xC7, 0x17, 0x39, 0xB6, 0x7A, 0x32, 0x6B, 0x3E, 0xA2, 0xA7, 0x4A, 0x77, 0x7E, 0xBA,
 0x98, 0xD6, 0x1D, 0x9F, 0x2A, 0xBD, 0x34, 0x77, 0xD6, 0x1D, 0x5F, 0xDD, 0x17, 0xCD, 0x76, 0x23,
 0xB4, 0x46, 0x52, 0x59, 0x9C, 0x9A, 0x9F, 0x7C, 0x72, 0x16, 0x60, 0xD9, 0xF2, 0x39, 0x15, 0x63,
 0x6C, 0xFD, 0xCE, 0xD9, 0xC7, 0x5F, 0x7E, 0x12, 0x97, 0xF5, 0x08, 0x56, 0x09, 0xAB, 0x9A, 0xAA,
 0x37, 0xE3, 0x32, 0x9F, 0xB8, 0xBA, 0x49, 0xD6, 0x2B, 0xAE, 0x6E, 0x92, 0xF1, 0xCA, 0xAB, 0x9B,
 0x64, 0xBB, 0xFC, 0xEC, 0xEA, 0x26, 0x79, 0xAE, 0x30, 0x99, 0x6A, 0x89, 0x9C, 0x01, 0x4F, 0x9C,
 0x9D, 0xA5, 0x67, 0xB2, 0xAB, 0x3B, 0x94, 0x21, 0x07, 0x67, 0xEE, 0xF6, 0x3F, 0x3B, 0xBD, 0x7E,
 0xE7, 0xE3, 0xF5, 0x47, 0xD7, 0xFB, 0xD7, 0xFE, 0x3C, 0xED, 0xF1, 0x36, 0x03, 0x8B, 0xD3, 0x35,
 0xB9, 0xB8, 0x57, 0x91, 0xB6, 0x88, 0x15, 0x05, 0x86, 0xE2, 0xD4, 0xDD, 0xFF, 0xFC, 0xBB, 0x4D,
 0xF4, 0xBD, 0x71, 0xEB, 0xDB, 0xC1, 0x99, 0x53, 0x9B, 0xE8, 0x7C, 0x70, 0xE2, 0x26, 0x6D, 0x6D,
 0x26, 0xEA, 0x7D, 0x70, 0xEF, 0xFB, 0x8D, 0x33, 0x3F, 0x6F, 0xA2, 0xFA, 0xC1, 0xFD, 0x47, 0x9B,
 0x2C, 0x00, 0xED, 0x6F, 0x7C, 0x7A, 0x69, 0x93, 0x05, 0x60, 0x00, 0xF7, 0xCA, 0x39, 0xF7, 0xFC,
 0x95, 0x6D, 0x9E, 0x3F, 0xBB, 0x97, 0xCE, 0x0F, 0x4E, 0xDE, 0xED, 0x7F, 0x77, 0x99, 0xEA, 0x7B,
 0x3B, 0xB1, 0xDD, 0x30, 0x77, 0x34, 0xB6, 0xA1, 0x0B, 0x7B, 0x4A, 0x86, 0x56, 0x76, 0x96, 0xA1,
 0x57, 0x51, 0xBB, 0x8D, 0xB6, 0xC7, 0x89, 0x85, 0x56, 0x16, 0x9B, 0x6D, 0xB4, 0x93, 0xDC, 0x90,
 0xF3, 0xCF, 0x2B, 0xB7, 0x22, 0xC5, 0x6F, 0x4B, 0x4C, 0x69, 0x58, 0x97, 0x76, 0xEA, 0x64, 0x6F,
 0x3E, 0x47, 0x2E, 0x3F, 0xE1, 0x77, 0x88, 0x5B, 0x7A, 0xED, 0x9B, 0xF0, 0x8E, 0xB3, 0xBC, 0x7D,
 0x0C, 0x45, 0x33, 0x4F, 0xBE, 0xD1, 0x35, 0x9A, 0xC1, 0x79, 0xD5, 0xCB, 0xF4, 0x15, 0xA6, 0xC9,
 0x7D, 0x35, 0x07, 0x7B, 0xE2, 0x96, 0x01, 0x33, 0x6C, 0x51, 0x22, 0x26, 0x3B, 0x8C, 0x1C, 0x6D,
 0x3D, 0xE1, 0xBA, 0x73, 0x61, 0xE1, 0xB5, 0x97, 0x63, 0x6A, 0x03, 0x21, 0xBB, 0x00, 0xAC, 0xFB,
 0xF2, 0x3B, 0x74, 0xFB, 0x3B, 0xBE, 0x6D, 0x1E, 0xCB, 0xE9, 0x37, 0x3E, 0x18, 0x7C, 0x77, 0x62,
 0x02, 0xC2, 0x83, 0x68, 0xB8, 0x81, 0xF1, 0xBF, 0xBB, 0x8B, 0x43, 0x3A, 0x76, 0x84, 0xEF, 0x85,
 0xB0, 0x84, 0xA0, 0x1E, 0x80, 0x8C, 0xEE, 0xF9, 0x8B, 0xFD, 0xDB, 0xA7, 0x27, 0x1E, 0xEF, 0x2D,
 0xA0, 0x65, 0xA8, 0x50, 0x1E, 0x8C, 0x8C, 0x15, 0xD4, 0xD1, 0x9C, 0x49, 0x27, 0xF9, 0xD1, 0x7B,
 0xCC, 0x1C, 0x51, 0x31, 0x7D, 0x21, 0xCA, 0x1D, 0x35, 0x85, 0xE1, 0xA0, 0xAD, 0x5A, 0x22, 0x7C,
 0x78, 0x48, 0x0C, 0x31, 0xD4, 0x87, 0xA2, 0x5A, 0xED, 0x15, 0x64, 0x05, 0x3D, 0x0E, 0xF9, 0x62,
 0x2F, 0xC1, 0x91, 0x0F, 0x0A, 0x4C, 0xA7, 0x96, 0xC8, 0x36, 0x68, 0x41, 0x8D, 0xDC, 0xAA, 0xFA,
 0x5C, 0x2C, 0x38, 0xC8, 0x81, 0x9E, 0xE6, 0xF1, 0xF1, 0x33, 0xFD, 0x0F, 0x7F, 0xE2, 0x0E, 0x6A,
 0xC8, 0x21, 0xEC, 0xBC, 0xF6, 0x16, 0x37, 0xB8, 0xF0, 0x6D, 0xFF, 0xF4, 0x27, 0x83, 0x3F, 0xFD,
 0x91, 0xF3, 0xD1, 0x13, 0x44, 0xF4, 0x0A, 0x75, 0x67, 0xD4, 0x0B, 0xC4, 0x7F, 0x67, 0x92, 0xCB,
 0x94, 0x29, 0xF4, 0x7B, 0xE7, 0xEC, 0xFA, 0x83, 0xEF, 0x9E, 0xA8, 0x5F, 0x5B, 0xB2, 0x54, 0xD3,
 0xA9, 0xEF, 0x82, 0xCD, 0xBC, 0xED, 0x70, 0xCF, 0xD6, 0x80, 0x4A, 0x5D, 0x36, 0xA4, 0x4E, 0x1B,
 0xEB, 0x4E, 0xB6, 0x89, 0x9D, 0xFD, 0x1A, 0x26, 0x8F, 0x7B, 0xD7, 0x5E, 0x93, 0x93, 0xAA, 0x9C,
 0x4A, 0x73, 0x34, 0x54, 0x6A, 0xCF, 0x26, 0x79, 0xFA, 0xC0, 0xC3, 0x08, 0x3B, 0xE2, 0x26, 0x43,
 0xEC, 0x89, 0x4F, 0x55, 0x39, 0x0D, 0x3B, 0xDE, 0x38, 0x74, 0x0F, 0x35, 0xC7, 0xEA, 0xE0, 0x34,
 0x27, 0x29, 0xCD, 0x5A, 0xB7, 0x97, 0x26, 0x66, 0xB3, 0x54, 0xC9, 0x3E, 0xA4, 0xB6, 0xB1, 0x55,
 0x13, 0xAA, 0x1E, 0x69, 0x7A, 0x9A, 0x60, 0x68, 0x07, 0x90, 0x59, 0x3B, 0xCC, 0x07, 0x57, 0xBD,
 0x7C, 0x9A, 0xF7, 0xAE, 0x06, 0xE1, 0x69, 0x78, 0x14, 0x02, 0x2F, 0xFE, 0xE9, 0x03, 0x3C, 0x0E,
 0xB7, 0xFB, 0xE4, 0xC5, 0xDF, 0x63, 0xC3, 0x33, 0x6C, 0x16, 0xD9, 0x4F, 0xDA, 0x21, 0xC1, 0xA3,
 0xB7, 0x91, 0x23, 0x83, 0x58, 0x62, 0x3F, 0x45, 0xFA, 0x8B, 0xF5, 0xD0, 0x6C, 0x84, 0xF5, 0xAC,
 0xE4, 0xB9, 0x29, 0xB1, 0x9F, 0x3E, 0x78, 0xA8, 0x23, 0x82, 0x37, 0xEF, 0x96, 0x06, 0x9E, 0xE8,
 0xD5, 0x08, 0xA1, 0x3D, 0x52, 0xC5, 0x09, 0xC7, 0x26, 0xC1, 0xB0, 0x42, 0x7F, 0x7A, 0x39, 0x16,
 0x9E, 0x48, 0x62, 0xA3, 0x12, 0xB0, 0xDB, 0x0B, 0xFE, 0x48, 0x75, 0x97, 0xD2, 0xD1, 0x59, 0xAF,
 0x61, 0xA3, 0xB5, 0xA4, 0x93, 0xEA, 0xB2, 0x4F, 0x52, 0x48, 0xD4, 0xEF, 0xF3, 0xFE, 0xF8, 0xC2,
 0xA9, 0xB2, 0x31, 0x6A, 0xE7, 0xDF, 0xAA, 0xF0, 0x84, 0x64, 0x19, 0x54, 0xDE, 0x32, 0x56, 0x40,
 0xE1, 0x36, 0x76, 0x88, 0x3E, 0x8D, 0x8E, 0x93, 0x4C, 0xA6, 0x6A, 0xF5, 0xE8, 0x52, 0x0B, 0xB7,
 0x8D, 0x65, 0xEC, 0xAF, 0x4E, 0xE7, 0xCB, 0x82, 0x90, 0xEA, 0x0D, 0x89, 0x82, 0xC0, 0xC4, 0xB8,
 0x5D, 0x66, 0x09, 0x0C, 0xA6, 0x84, 0xB7, 0xAA, 0x85, 0x41, 0xAD, 0x3A, 0x87, 0xB3, 0x34, 0x42,
 0x6A, 0x35, 0xDE, 0x4F, 0xC2, 0xFC, 0x9E, 0x24, 0xCE, 0x7A, 0x9F, 0x52, 0xEE, 0xC9, 0x57, 0x84,
 0x54, 0xE5, 0xCD, 0x4E, 0xBB, 0x81, 0x2D, 0x18, 0xA5, 0xAA, 0x0B, 0xA3, 0x06, 0xC6, 0xFE, 0x83,
 0x62, 0x4F, 0x2F, 0x47, 0xF1, 0xAB, 0x4A, 0xF2, 0x19, 0x9C, 0x62, 0x54, 0xC8, 0x4B, 0x0C, 0xA1,
 0x54, 0x40, 0xA7, 0xF6, 0xCC, 0x33, 0xCB, 0x55, 0xAC, 0xD9, 0x98, 0xF3, 0x88, 0xD4, 0x96, 0xAB,
 0x0C, 0x1D, 0xC8, 0x5C, 0x0B, 0x3C, 0xF6, 0x0F, 0x1D, 0x6C, 0xAD, 0x2D, 0xD0, 0xB6, 0xC2, 0xB0,
 0x92, 0xEF, 0x1C, 0x1E, 0xF6, 0xC9, 0xCF, 0x76, 0x55, 0xB9, 0x97, 0x38, 0xF2, 0x0E, 0xA5, 0x0B,
 0x30, 0x29, 0xF8, 0x6F, 0x44, 0xC1, 0x1E, 0xDE, 0xDE, 0x2E, 0x64, 0xAF, 0xE9, 0x12, 0x17, 0x48,
 0x00, 0x41, 0xF0, 0xBA, 0x6D, 0xE8, 0xC9, 0x8E, 0xCF, 0xBF, 0x55, 0x43, 0x2B, 0x48, 0x75, 0x38,
 0x05, 0x43, 0xC5, 0x4A, 0x76, 0xD2, 0x5D, 0x09, 0x01, 0x93, 0x15, 0x5E, 0x37, 0x32, 0x36, 0x50,
 0xC5, 0x7C, 0x2F, 0xD0, 0x9D, 0x95, 0x3D, 0x4A, 0x40, 0x53, 0x63, 0x48, 0x4D, 0xC3, 0xF6, 0xB0,
 0xA6, 0x8D, 0x89, 0x78, 0x59, 0x7E, 0xAB, 0xF0, 0x07, 0xDF, 0x5A, 0x38, 0xC4, 0xA7, 0xD9, 0x47,
 0x38, 0x76, 0xA5, 0xCB, 0x7B, 0x1C, 0x67, 0x0E, 0x81, 0xBA, 0xF8, 0x0A, 0x8F, 0x4C, 0x53, 0x53,
 0x25, 0xEA, 0xFF, 0x39, 0x42, 0x8E, 0xEF, 0xA5, 0xC9, 0x07, 0x3F, 0x95, 0xD7, 0x17, 0xDE, 0x7A,
 0x33, 0x0B, 0x41, 0x08, 0xDE, 0xAA, 0x2A, 0x6B, 0x49, 0x23, 0x35, 0x05, 0x5F, 0x5E, 0x14, 0x52,
 0x6F, 0x08, 0x73, 0xF3, 0x4E, 0xCE, 0x9B, 0xD9, 0xB3, 0x8C, 0xAC, 0x1A, 0xD5, 0xE5, 0xF3, 0xA0,
 0x2E, 0x78, 0xF2, 0x7C, 0xA7, 0x07, 0x8A, 0xE5, 0x40, 0xB3, 0x10, 0xE4, 0x87, 0x55, 0xF9, 0xC8,
 0x33, 0xB5, 0x5A, 0x47, 0x87, 0xDC, 0xA4, 0xEA, 0x58, 0x4E, 0x79, 0x63, 0x35, 0x7F, 0x69, 0xC8,
 0x3B, 0x1C, 0x64, 0x39, 0xEC, 0x16, 0x29, 0x99, 0xEA, 0xB2, 0x84, 0x91, 0xB5, 0x2D, 0xA9, 0xF6,
 0xCE, 0xB3, 0x5D, 0xCD, 0x60, 0x32, 0x65, 0x4D, 0xCB, 0x70, 0x0C, 0x08, 0x96, 0x5E, 0x2E, 0x17,
 0x1A, 0x6D, 0x81, 0x06, 0xC9, 0x1F, 0x2A, 0xF5, 0x2A, 0xE5, 0x7C, 0x8E, 0x41, 0xEE, 0x81, 0xBC,
 0xD4, 0x7D, 0x19, 0x72, 0x73, 0x56, 0x37, 0x56, 0x40, 0xB8, 0x77, 0xAA, 0xA3, 0x29, 0xA8, 0x4A,
 0xB3, 0xD6, 0xF0, 0xE2, 0x8A, 0x4F, 0x8D, 0x38, 0x00, 0xCF, 0xAE, 0xAD, 0xF8, 0x11, 0xFE, 0x0C,
 0x33, 0xCA, 0x1E, 0x8B, 0xA5, 0x97, 0x1C, 0x50, 0x2C, 0xE4, 0x56, 0x12, 0x54, 0x96, 0x44, 0x22,
 0x30, 0x20, 0xA5, 0x20, 0x70, 0xD3, 0x27, 0xD2, 0x7A, 0x70, 0xDC, 0xFD, 0xF1, 0x43, 0x7E, 0xCC,
 0x00, 0xC3, 0x9B, 0x72, 0xA0, 0x48, 0x32, 0x26, 0xB3, 0x82, 0xEF, 0x84, 0x3C, 0xB1, 0x03, 0x4C,
 0x02, 0xC1, 0xB7, 0xE8, 0x27, 0xB9, 0xD9, 0x25, 0xBC, 0x66, 0x13, 0xAD, 0xA7, 0xB2, 0xE0, 0xE6,
 0xFB, 0xC1, 0x13, 0x93, 0x4B, 0xB5, 0xBA, 0x17, 0x75, 0x4B, 0x69, 0xA2, 0xFA, 0xA5, 0x23, 0xA9,
 0x54, 0x95, 0x25, 0xE4, 0x31, 0x6C, 0xEC, 0x5E, 0x30, 0x82, 0xCD, 0x76, 0xE2, 0x91, 0xD9, 0x0E,
 0xC3, 0x05, 0xA2, 0xF9, 0xFD, 0x09, 0x88, 0xC5, 0xA2, 0x11, 0x08, 0x65, 0x6D, 0x18, 0x38, 0x76,
 0x8C, 0xE7, 0xAB, 0x24, 0x89, 0xF1, 0xEC, 0x86, 0xDF, 0xFD, 0xE5, 0x67, 0x76, 0xE1, 0xCF, 0x8F,
 0x3B, 0xDB, 0xF0, 0xA2, 0x1F, 0x64, 0x05, 0x82, 0x49, 0x16, 0x07, 0xAA, 0xCC, 0x19, 0x4A, 0xA8,
 0x1E, 0xA4, 0xBA, 0xE0, 0x57, 0x34, 0x65, 0x8C, 0x79, 0x12, 0xA1, 0xEA, 0x7F, 0xA8, 0x41, 0x07,
 0x79, 0xFF, 0x0D, 0x44, 0x22, 0x93, 0xFE, 0xB7, 0x16, 0x6C, 0xD2, 0x7F, 0xF3, 0x26, 0xFD, 0x4F,
 0xC9, 0x48, 0xE9, 0xF2, 0x9F, 0x7D, 0x81, 0xA8, 0xC2, 0xFC, 0x88, 0x0C, 0xA2, 0x35, 0x50, 0x3F,
 0x51, 0x6C, 0x8A, 0xCA, 0x69, 0x65, 0xA1, 0x52, 0xD9, 0x00, 0x09, 0x92, 0x13, 0x81, 0xE4, 0x18,
 0x41, 0xBD, 0x8F, 0xB7, 0x0E, 0xB0, 0xC2, 0x07, 0xC2, 0x3A, 0xD6, 0x9A, 0x17, 0xF4, 0xED, 0x31,
 0x93, 0x78, 0xE5, 0x91, 0xF0, 0x48, 0x57, 0xD8, 0xB5, 0x76, 0x96, 0x39, 0xD7, 0xB1, 0x63, 0x50,
 0x3E, 0x57, 0xE0, 0x95, 0x68, 0x9F, 0xBC, 0x10, 0x4B, 0x28, 0xA6, 0x1D, 0xF1, 0xAD, 0xA4, 0x9D,
 0x85, 0xC1, 0x63, 0xC7, 0x04, 0x18, 0x36, 0x5E, 0x21, 0x9F, 0x60, 0x26, 0xF3, 0xA9, 0x17, 0x79,
 0x72, 0xF1, 0xC3, 0x13, 0x08, 0x76, 0xDB, 0x35, 0x0D, 0x10, 0x59, 0xED, 0xDD, 0x11, 0x4D, 0xBB,
 0xDC, 0xBB, 0xDA, 0x8A, 0x2C, 0xB7, 0xB3, 0x68, 0xB9, 0xB9, 0x48, 0xE7, 0x16, 0xDB, 0x04, 0x2C,
 0x58, 0xEA, 0x5F, 0xD3, 0x45, 0xF1, 0x27, 0xC3, 0x20, 0xA4, 0x13, 0x20, 0xB4, 0x72, 0xE4, 0x8B,
 0xAA, 0x21, 0x45, 0x91, 0x48, 0xF5, 0xC6, 0x5E, 0x2A, 0x54, 0x70, 0xE9, 0x15, 0x83, 0x28, 0x98,
 0x5B, 0x5C, 0x6A, 0x30, 0xA6, 0x73, 0xE5, 0xFC, 0x9C, 0x18, 0x41, 0x74, 0x60, 0x6F, 0xCE, 0x66,
 0xFA, 0x19, 0xDE, 0x8F, 0x8F, 0x89, 0xC1, 0xE6, 0x7C, 0x09, 0xD8, 0xBD, 0x56, 0x64, 0xD1, 0x4A,
 0x56, 0x35, 0x8F, 0x1D, 0x5B, 0xC9, 0x22, 0x73, 0xD1, 0x0B, 0x88, 0x4C, 0x86, 0xE2, 0x1D, 0x5E,
 0x64, 0x8D, 0x41, 0x40, 0x18, 0x82, 0x67, 0xEA, 0x3A, 0x84, 0x20, 0x94, 0xD4, 0x64, 0x12, 0x46,
 0xE8, 0x62, 0xC2, 0xEB, 0x8B, 0xFC, 0x73, 0x7C, 0xAA, 0xE2, 0x23, 0xF1, 0x6F, 0x57, 0x23, 0x28,
 0xDA, 0x59, 0x32, 0x81, 0x2D, 0xD2, 0x09, 0xE1, 0x45, 0xA9, 0x56, 0xD3, 0x3B, 0x9A, 0xB6, 0x87,
 0x00, 0x55, 0x22, 0x53, 0x23, 0x3E, 0xF1, 0x7F, 0x37, 0xF7, 0x31, 0x91, 0xD9, 0x7D, 0xEC, 0x18,
 0x52, 0x18, 0x17, 0x46, 0x71, 0x91, 0x91, 0x00, 0x05, 0x65, 0x8E, 0xCB, 0x71, 0xFC, 0x8B, 0x74,
 0x22, 0x3F, 0x3A, 0xC1, 0xD3, 0x18, 0x6A, 0x29, 0x80, 0x87, 0x5C, 0x55, 0x83, 0x2D, 0x31, 0xB1,
 0x62, 0xDA, 0x24, 0x98, 0xE9, 0x05, 0xF3, 0xA2, 0x03, 0x0D, 0x2D, 0x08, 0x99, 0x4F, 0x9B, 0x4A,
 0x30, 0xE6, 0x2D, 0x23, 0x6C, 0xF9, 0x37, 0xE3, 0x51, 0x9B, 0xB6, 0x94, 0x88, 0x27, 0x08, 0x21,
 0x4F, 0xF0, 0xAE, 0xC5, 0x01, 0x86, 0x7E, 0x06, 0x9B, 0x65, 0x7F, 0xB4, 0x7A, 0x00, 0x39, 0xAD,
 0x2C, 0xA4, 0xE7, 0x64, 0x5E, 0x10, 0xD2, 0x00, 0x5F, 0x10, 0x77, 0xCF, 0x32, 0x26, 0x01, 0x24,
 0xB8, 0x21, 0x8F, 0x12, 0x32, 0x09, 0xA1, 0x62, 0xB9, 0x04, 0x6B, 0xA3, 0xCE, 0x32, 0x04, 0x9C,
 0x44, 0x0C, 0xAD, 0x26, 0x85, 0xF4, 0x08, 0x5D, 0x53, 0x79, 0x01, 0x7E, 0xE5, 0x4C, 0x27, 0x15,
 0x90, 0x66, 0x37, 0xC9, 0x9B, 0x31, 0x3B, 0x0C, 0xB5, 0x17, 0x4A, 0x01, 0x98, 0x77, 0x0F, 0xBB,
 0x25, 0xB8, 0x1E, 0x54, 0x4E, 0xC8, 0xE8, 0x38, 0xD5, 0xED, 0xF5, 0x76, 0x0D, 0xD3, 0x6B, 0x90,
 0xEA, 0x49, 0xEB, 0xDF, 0x85, 0xA6, 0x72, 0xFF, 0x32, 0xC8, 0x4E, 0xDA, 0x46, 0xAC, 0x43, 0x4F,
 0x07, 0xCD, 0x18, 0x39, 0x97, 0xE4, 0xD3, 0x18, 0x66, 0x59, 0x97, 0x86, 0x2C, 0xC8, 0x56, 0xCF,
 0x3F, 0xEF, 0x3F, 0x65, 0x01, 0xB0, 0x06, 0x1B, 0x87, 0x54, 0xA8, 0x79, 0x80, 0x56, 0x63, 0x1C,
 0x13, 0xDD, 0x7D, 0x4D, 0x83, 0xA8, 0xBB, 0xD3, 0x9D, 0x9D, 0x87, 0x9F, 0x35, 0x78, 0x3D, 0xC2,
 0xDD, 0xAE, 0xF1, 0xFA, 0x6C, 0xE8, 0x10, 0xDD, 0xD2, 0x52, 0x8D, 0x34, 0xD0, 0x41, 0x35, 0xDF,
 0x13, 0x6E, 0x01, 0x2A, 0x23, 0xFD, 0x0A, 0xCB, 0xA5, 0xF4, 0x5B, 0xB3, 0x08, 0xB4, 0x61, 0x62,
 0x5A, 0x2B, 0xBC, 0xC9, 0x34, 0xBF, 0xD8, 0x80, 0xFA, 0xB2, 0xC4, 0x53, 0x90, 0x61, 0x85, 0x0F,
 0x41, 0x0D, 0x07, 0xA9, 0x75, 0x83, 0xC2, 0x18, 0x5A, 0x32, 0x1C, 0x24, 0x4B, 0xBC, 0x92, 0x12,
 0x21, 0xDC, 0x0D, 0xB7, 0x0F, 0xD5, 0x68, 0xD9, 0xE9, 0xF9, 0x95, 0x7B, 0xAF, 0xA3, 0x47, 0x00,
 0xBD, 0x09, 0xB6, 0xBF, 0x26, 0x5E, 0x05, 0x1B, 0x85, 0x03, 0x86, 0x0C, 0x45, 0x93, 0xF2, 0xCC,
 0x3E, 0xC6, 0x19, 0x87, 0x09, 0xB6, 0xE4, 0xE3, 0x20, 0xC1, 0x87, 0x39, 0x21, 0x28, 0x5A, 0x16,
 0x29, 0x9F, 0xA4, 0x53, 0x24, 0x6C, 0x5A, 0xED, 0x24, 0x3F, 0xB8, 0x7C, 0x7D, 0xE3, 0xFA, 0x95,
 0xF0, 0x07, 0x3B, 0xFF, 0x7A, 0xF0, 0x2D, 0x9F, 0x1A, 0x6D, 0x40, 0xF9, 0x1C, 0x43, 0xC8, 0x47,
 0xDA, 0xE2, 0x1E, 0xAB, 0xC2, 0x7C, 0xFF, 0xDA, 0x9F, 0xDD, 0xAF, 0xAF, 0x32, 0x24, 0x50, 0x81,
 0x7B, 0x8C, 0x05, 0xF6, 0x89, 0x4F, 0xD4, 0xB6, 0x64, 0xFD, 0xC6, 0x8D, 0x5F, 0xD6, 0x1F, 0x3E,
 0x1A, 0x5C, 0xB8, 0xCA, 0x91, 0xD3, 0x9A, 0xDC, 0x4B, 0x07, 0x39, 0x80, 0xED, 0x5F, 0xBC, 0xE9,
 0x7E, 0xF0, 0xA5, 0xFB, 0xFE, 0x0F, 0xEC, 0xF0, 0x86, 0x67, 0x6E, 0xE2, 0x9F, 0x69, 0x44, 0x05,
 0xE1, 0x88, 0x23, 0x63, 0x68, 0x4F, 0x31, 0x71, 0xF3, 0x97, 0xD9, 0x46, 0x3C, 0x99, 0x9A, 0xD4,
 0x39, 0x10, 0x34, 0xC0, 0x3D, 0xA9, 0x09, 0x95, 0x98, 0x0E, 0x2A, 0xED, 0x9F, 0xC8, 0xF8, 0x93,
 0xE4, 0xB4, 0xC6, 0x9F, 0xEC, 0x05, 0x4D, 0x57, 0xA0, 0x6E, 0x49, 0x33, 0x6C, 0x9C, 0x1C, 0xEF,
 0x41, 0xC8, 0x22, 0xCE, 0x6F, 0x44, 0x28, 0xFF, 0xC1, 0xA1, 0xC1, 0xB4, 0x02, 0xB0, 0xE8, 0x53,
 0x48, 0x5B, 0xE4, 0x9F, 0x63, 0x00, 0x28, 0x39, 0x21, 0xB1, 0x0F, 0x0B, 0x47, 0xE8, 0xBE, 0x4D,
 0x81, 0x76, 0xD8, 0x53, 0x23, 0x3B, 0x06, 0x71, 0xBF, 0xBA, 0xB7, 0x7E, 0xFF, 0x36, 0xEF, 0xEF,
 0x30, 0x7A, 0x8C, 0x2E, 0x3D, 0x29, 0x89, 0xB6, 0xBE, 0xEC, 0x64, 0x62, 0xFD, 0xCE, 0xB5, 0x6C,
 0x36, 0xCB, 0x8F, 0x68, 0xCB, 0x37, 0x35, 0x40, 0xF2, 0xDB, 0xDA, 0xFE, 0x18, 0x50, 0x3F, 0x9D,
 0x8C, 0x77, 0x0C, 0xE1, 0x6D, 0x83, 0x94, 0x1E, 0x33, 0xC9, 0x51, 0x8F, 0x88, 0xBF, 0xF7, 0xA9,
 0x4E, 0x66, 0xF1, 0x68, 0x48, 0x9F, 0xAC, 0x9B, 0x0D, 0x8F, 0xD0, 0x43, 0xA5, 0xEB, 0x1F, 0xF5,
 0x4F, 0x7F, 0x42, 0x35, 0x0C, 0x3E, 0xF6, 0x1A, 0xF9, 0xE3, 0x2F, 0xD2, 0x61, 0x52, 0xDF, 0x66,
 0xEA, 0x93, 0x6B, 0x3A, 0x5E, 0xE1, 0xC8, 0x6E, 0xC4, 0xCB, 0x14, 0xE4, 0x3B, 0xBE, 0x08, 0x9D,
 0xC3, 0x32, 0x39, 0x62, 0xF9, 0x8D, 0xD1, 0xB1, 0x20, 0x3A, 0xD3, 0xF4, 0xE5, 0x80, 0xAA, 0xC3,
 0xA6, 0x22, 0x78, 0x5D, 0xC0, 0x80, 0x4D, 0x86, 0xD7, 0x23, 0x50, 0x4F, 0xCC, 0xE4, 0x72, 0xAD,
 0xBE, 0x40, 0x37, 0x74, 0xC9, 0xE5, 0x54, 0xD6, 0x44, 0xF2, 0x02, 0xC9, 0x47, 0x49, 0x31, 0xCD,
 0x0B, 0x10, 0x2F, 0xD9, 0xA3, 0x06, 0xA4, 0x7E, 0xD0, 0x48, 0xAA, 0x97, 0x86, 0x02, 0x20, 0x80,
 0xD8, 0xA1, 0x6C, 0x00, 0xF6, 0x83, 0x86, 0x42, 0x5B, 0x63, 0x3C, 0x8E, 0x26, 0xB2, 0x68, 0xA2,
 0xA8, 0x8E, 0x1C, 0xD1, 0x84, 0x05, 0x1C, 0x5D, 0xC9, 0xC8, 0x90, 0x6C, 0x3A, 0x9F, 0xF3, 0x0F,
 0x92, 0xE6, 0x73, 0xDE, 0x5F, 0x9B, 0xE4, 0xD8, 0xFF, 0x88, 0xE2, 0xFF, 0x01, 0x63, 0xF8, 0x4E,
 0x49, 0x99, 0x42, 0x00, 0x00,
};
